../Molecules/py_cyclopropane.xyz 	-16.7856809199
../Molecules/py_cyclopentane.xyz 	190.018921223
../Molecules//py_cyclohexane.xyz 	129.542902131
../Molecules/chain_dodecane_fit_aniso_no_charge.xyz 	-225.096064832
../Molecules/chain_ethane_fit_aniso_no_charge.xyz 	40.17994133
../Molecules/chain_hexane_fit_aniso_no_charge.xyz 	183.548923098
../Molecules/chain_methane_fit_aniso_no_charge.xyz 	3709.63076166
../Molecules/chain_propane_fit_aniso_no_charge.xyz 	88.1663136763
../Molecules/BENZENE_picen_fit_aniso_no_charge.xyz 	821.765623116
../Molecules/NAPHTA_picen_fit_aniso_no_charge.xyz 	-223.972145193
../Molecules/TETCEN_picen_fit_aniso_no_charge.xyz 	-282.103582054
../Molecules/ANTCEN_picen_fit_aniso_no_charge.xyz 	-152.703181367
../Molecules/Pc_picen_fit_aniso_no_charge.xyz 	-69.7682201263
../Molecules/py_cyclopropane.xyz 	-16.7856809199 

../Molecules/py_cyclopentane.xyz 	190.018921223 

../Molecules//py_cyclohexane.xyz 	129.542902131 

../Molecules/chain_dodecane_fit_aniso_no_charge.xyz 	-225.096064832 

../Molecules/chain_ethane_fit_aniso_no_charge.xyz 	40.17994133 

../Molecules/chain_hexane_fit_aniso_no_charge.xyz 	183.548923098 

../Molecules/chain_methane_fit_aniso_no_charge.xyz 	3709.63076166 

../Molecules/chain_propane_fit_aniso_no_charge.xyz 	88.1663136763 

../Molecules/BENZENE_picen_fit_aniso_no_charge.xyz 	821.765623116 

../Molecules/NAPHTA_picen_fit_aniso_no_charge.xyz 	-223.972145193 

../Molecules/TETCEN_picen_fit_aniso_no_charge.xyz 	-282.103582054 

../Molecules/ANTCEN_picen_fit_aniso_no_charge.xyz 	-152.703181367 

../Molecules/py_cyclopropane.xyz 	-16.7856809199 

../Molecules/py_cyclopentane.xyz 	190.018921223 

../Molecules//py_cyclohexane.xyz 	129.542902131 

../Molecules/chain_dodecane_fit_aniso_no_charge.xyz 	-225.096064832 

../Molecules/chain_ethane_fit_aniso_no_charge.xyz 	40.17994133 

../Molecules/chain_hexane_fit_aniso_no_charge.xyz 	183.548923098 

../Molecules/chain_methane_fit_aniso_no_charge.xyz 	3709.63076166 

../Molecules/chain_propane_fit_aniso_no_charge.xyz 	88.1663136763 

../Molecules/BENZENE_picen_fit_aniso_no_charge.xyz 	821.765623116 

../Molecules/NAPHTA_picen_fit_aniso_no_charge.xyz 	-223.972145193 

../Molecules/TETCEN_picen_fit_aniso_no_charge.xyz 	-282.103582054 

../Molecules/ANTCEN_picen_fit_aniso_no_charge.xyz 	-152.703181367 

../Molecules/Pc_picen_fit_aniso_no_charge.xyz 	-69.7682201263 

../Molecules/py_cyclopropane.xyz 	-7.71190080576 

../Molecules/py_cyclopentane.xyz 	-18.9271252263 

../Molecules//py_cyclohexane.xyz 	-23.8002269252 

../Molecules/chain_dodecane_fit_aniso_no_charge.xyz 	-56.5259737159 

../Molecules/chain_ethane_fit_aniso_no_charge.xyz 	4.47143954185 

../Molecules/chain_hexane_fit_aniso_no_charge.xyz 	-14.4507276494 

../Molecules/chain_methane_fit_aniso_no_charge.xyz 	6.61455748178 

../Molecules/chain_propane_fit_aniso_no_charge.xyz 	3.86535987294 

../Molecules/BENZENE_picen_fit_aniso_no_charge.xyz 	-15.6798960464 

../Molecules/NAPHTA_picen_fit_aniso_no_charge.xyz 	-56.8106641287 

../Molecules/TETCEN_picen_fit_aniso_no_charge.xyz 	-120.246812558 

../Molecules/ANTCEN_picen_fit_aniso_no_charge.xyz 	-93.7999081313 

../Molecules/Pc_picen_fit_aniso_no_charge.xyz 	-140.110804355 

../Molecules/py_cyclopropane.xyz 	30.9055571432 

../Molecules/py_cyclopentane.xyz 	45.0707780087 

../Molecules//py_cyclohexane.xyz 	65.5410262949 

../Molecules/chain_dodecane_fit_aniso_no_charge.xyz 	346.71972022 

../Molecules/chain_ethane_fit_aniso_no_charge.xyz 	21.7171002368 

../Molecules/chain_hexane_fit_aniso_no_charge.xyz 	104.492677931 

../Molecules/chain_methane_fit_aniso_no_charge.xyz 	9.88883506672 

../Molecules/chain_propane_fit_aniso_no_charge.xyz 	36.3509416181 

../Molecules/BENZENE_picen_fit_aniso_no_charge.xyz 	46.8721768433 

../Molecules/NAPHTA_picen_fit_aniso_no_charge.xyz 	84.1175038613 

../Molecules/TETCEN_picen_fit_aniso_no_charge.xyz 	177.09102609 

../Molecules/ANTCEN_picen_fit_aniso_no_charge.xyz 	128.48859495 

../Molecules/Pc_picen_fit_aniso_no_charge.xyz 	230.809881662 

../Molecules/py_cyclopropane.xyz 	103.103657102 

../Molecules/py_cyclopentane.xyz 	79.7375587764 

../Molecules//py_cyclohexane.xyz 	105.452775607 

../Molecules/chain_dodecane_fit_aniso_no_charge.xyz 	1218.56004071 

../Molecules/chain_ethane_fit_aniso_no_charge.xyz 	53.6477909824 

../Molecules/chain_hexane_fit_aniso_no_charge.xyz 	294.374375245 

../Molecules/chain_methane_fit_aniso_no_charge.xyz 	24.9886909585 

../Molecules/chain_propane_fit_aniso_no_charge.xyz 	98.2643637726 

../Molecules/BENZENE_picen_fit_aniso_no_charge.xyz 	134.565926919 

../Molecules/NAPHTA_picen_fit_aniso_no_charge.xyz 	-69.8278400327 

../Molecules/TETCEN_picen_fit_aniso_no_charge.xyz 	-103.97480143 

../Molecules/ANTCEN_picen_fit_aniso_no_charge.xyz 	-126.193773506 

../Molecules/Pc_picen_fit_aniso_no_charge.xyz 	-87.111385627 

../Molecules/py_cyclopropane.xyz 	103.103657102 

../Molecules/py_cyclopentane.xyz 	79.7375587764 

../Molecules//py_cyclohexane.xyz 	105.452775607 

../Molecules/chain_dodecane_fit_aniso_no_charge.xyz 	1218.56004071 

../Molecules/chain_ethane_fit_aniso_no_charge.xyz 	53.6477909824 

../Molecules/chain_hexane_fit_aniso_no_charge.xyz 	294.374375245 

../Molecules/chain_methane_fit_aniso_no_charge.xyz 	24.9886909585 

../Molecules/chain_propane_fit_aniso_no_charge.xyz 	98.2643637726 

../Molecules/BENZENE_picen_fit_aniso_no_charge.xyz 	134.565926919 

../Molecules/NAPHTA_picen_fit_aniso_no_charge.xyz 	-69.8278400327 

../Molecules/TETCEN_picen_fit_aniso_no_charge.xyz 	-103.97480143 

../Molecules/ANTCEN_picen_fit_aniso_no_charge.xyz 	-126.193773506 

../Molecules/py_cyclopropane.xyz 	37.8417305741 

../Molecules/py_cyclopentane.xyz 	61.0962234843 

../Molecules//py_cyclohexane.xyz 	72.5803375236 

../Molecules/chain_dodecane_fit_aniso_no_charge.xyz 	151.914303243 

../Molecules/chain_ethane_fit_aniso_no_charge.xyz 	30.7378343045 

../Molecules/chain_hexane_fit_aniso_no_charge.xyz 	78.9706401034 

../Molecules/chain_methane_fit_aniso_no_charge.xyz 	18.3988625616 

../Molecules/chain_propane_fit_aniso_no_charge.xyz 	42.7953366957 

../Molecules/BENZENE_picen_fit_aniso_no_charge.xyz 	59.5474596638 

../Molecules/NAPHTA_picen_fit_aniso_no_charge.xyz 	92.6666063651 

../Molecules/TETCEN_picen_fit_aniso_no_charge.xyz 	159.566105566 

../Molecules/ANTCEN_picen_fit_aniso_no_charge.xyz 	126.013417765 

../Molecules/Pc_picen_fit_aniso_no_charge.xyz 	193.256995939 

../Molecules/py_cyclopropane.xyz 	-7.71190080576 

../Molecules/py_cyclopentane.xyz 	-18.9271252263 

../Molecules//py_cyclohexane.xyz 	-23.8002269252 

../Molecules/chain_dodecane_fit_aniso_no_charge.xyz 	-55.4260208743 

../Molecules/chain_ethane_fit_aniso_no_charge.xyz 	4.49175346204 

../Molecules/chain_hexane_fit_aniso_no_charge.xyz 	-14.1009817281 

../Molecules/chain_methane_fit_aniso_no_charge.xyz 	6.61607332321 

../Molecules/chain_propane_fit_aniso_no_charge.xyz 	3.9658967598 

../Molecules/BENZENE_picen_fit_aniso_no_charge.xyz 	-15.6097927135 

../Molecules/NAPHTA_picen_fit_aniso_no_charge.xyz 	-56.5246345297 

../Molecules/TETCEN_picen_fit_aniso_no_charge.xyz 	-119.256742016 

../Molecules/ANTCEN_picen_fit_aniso_no_charge.xyz 	-93.0664965614 

../Molecules/Pc_picen_fit_aniso_no_charge.xyz 	-138.984947783 

../Molecules/py_cyclopropane.xyz 	26.6650987671 

../Molecules/py_cyclopentane.xyz 	43.5975797074 

../Molecules//py_cyclohexane.xyz 	51.9726601755 

../Molecules/chain_dodecane_fit_aniso_no_charge.xyz 	106.762956849 

../Molecules/chain_ethane_fit_aniso_no_charge.xyz 	20.646530821 

../Molecules/chain_hexane_fit_aniso_no_charge.xyz 	55.1387192847 

../Molecules/chain_methane_fit_aniso_no_charge.xyz 	11.831943333 

../Molecules/chain_propane_fit_aniso_no_charge.xyz 	29.3170689354 

../Molecules/BENZENE_picen_fit_aniso_no_charge.xyz 	44.5839783104 

../Molecules/NAPHTA_picen_fit_aniso_no_charge.xyz 	70.5761802754 

../Molecules/TETCEN_picen_fit_aniso_no_charge.xyz 	122.476137218 

../Molecules/ANTCEN_picen_fit_aniso_no_charge.xyz 	96.5129761763 

../Molecules/Pc_picen_fit_aniso_no_charge.xyz 	148.469554679 

../Molecules/py_cyclopropane.xyz 	26.6650987671 

../Molecules/py_cyclopentane.xyz 	43.5975797074 

../Molecules//py_cyclohexane.xyz 	51.9726601755 

../Molecules/chain_dodecane_fit_aniso_no_charge.xyz 	106.762956849 

../Molecules/chain_ethane_fit_aniso_no_charge.xyz 	20.646530821 

../Molecules/chain_hexane_fit_aniso_no_charge.xyz 	55.1387192847 

../Molecules/chain_methane_fit_aniso_no_charge.xyz 	11.831943333 

../Molecules/chain_propane_fit_aniso_no_charge.xyz 	29.3170689354 

../Molecules/BENZENE_picen_fit_aniso_no_charge.xyz 	44.5839783104 

../Molecules/NAPHTA_picen_fit_aniso_no_charge.xyz 	70.5761802754 

../Molecules/TETCEN_picen_fit_aniso_no_charge.xyz 	122.476137218 

../Molecules/ANTCEN_picen_fit_aniso_no_charge.xyz 	96.5129761763 

../Molecules/Pc_picen_fit_aniso_no_charge.xyz 	148.469554679 

../Molecules/py_cyclopropane.xyz 	26.6650987671 

../Molecules/py_cyclopentane.xyz 	43.5975797074 

../Molecules//py_cyclohexane.xyz 	51.9726601755 

../Molecules/chain_dodecane_fit_aniso_no_charge.xyz 	106.761959485 

../Molecules/chain_ethane_fit_aniso_no_charge.xyz 	20.646328035 

../Molecules/chain_hexane_fit_aniso_no_charge.xyz 	55.1381955509 

../Molecules/chain_methane_fit_aniso_no_charge.xyz 	11.8318242807 

../Molecules/chain_propane_fit_aniso_no_charge.xyz 	29.3167828911 

../Molecules/BENZENE_picen_fit_aniso_no_charge.xyz 	44.5836432269 

../Molecules/NAPHTA_picen_fit_aniso_no_charge.xyz 	70.5756828321 

../Molecules/TETCEN_picen_fit_aniso_no_charge.xyz 	122.475282124 

../Molecules/ANTCEN_picen_fit_aniso_no_charge.xyz 	96.5123160088 

../Molecules/Pc_picen_fit_aniso_no_charge.xyz 	148.468524576 

../Molecules/py_cyclopropane.xyz 	26.6650987671 

../Molecules/py_cyclopentane.xyz 	43.5975797074 

../Molecules//py_cyclohexane.xyz 	51.9726601755 

../Molecules/chain_dodecane_fit_aniso_no_charge.xyz 	106.761959485 

../Molecules/chain_ethane_fit_aniso_no_charge.xyz 	20.646328035 

../Molecules/chain_hexane_fit_aniso_no_charge.xyz 	55.1381955509 

../Molecules/chain_methane_fit_aniso_no_charge.xyz 	11.8318242807 

../Molecules/chain_propane_fit_aniso_no_charge.xyz 	29.3167828911 

../Molecules/BENZENE_picen_fit_aniso_no_charge.xyz 	44.5836432269 

../Molecules/py_Benzene_MOPAC.xyz 	44.6086073108 

../Molecules/py_cyclopropane.xyz 	37.8417305741 

../Molecules/py_cyclopentane.xyz 	61.0962234843 

../Molecules//py_cyclohexane.xyz 	72.5803375236 

../Molecules/chain_dodecane_fit_aniso_no_charge.xyz 	151.914303243 

../Molecules/chain_ethane_fit_aniso_no_charge.xyz 	30.7378343045 

../Molecules/chain_hexane_fit_aniso_no_charge.xyz 	78.9706401034 

../Molecules/chain_methane_fit_aniso_no_charge.xyz 	18.3988625616 

../Molecules/chain_propane_fit_aniso_no_charge.xyz 	42.7953366957 

../Molecules/BENZENE_picen_fit_aniso_no_charge.xyz 	59.5474596638 

../Molecules/py_Benzene_MOPAC.xyz 	59.6325082108 

../Molecules/py_cyclopropane.xyz 	37.8417305741 

../Molecules/py_cyclopentane.xyz 	61.0962234843 

../Molecules//py_cyclohexane.xyz 	72.5803375236 

../Molecules/chain_dodecane_fit_aniso_no_charge.xyz 	151.913535388 

../Molecules/chain_ethane_fit_aniso_no_charge.xyz 	30.7376766316 

../Molecules/chain_hexane_fit_aniso_no_charge.xyz 	78.9702372095 

../Molecules/chain_methane_fit_aniso_no_charge.xyz 	18.3987699444 

../Molecules/chain_propane_fit_aniso_no_charge.xyz 	42.7951124732 

../Molecules/BENZENE_picen_fit_aniso_no_charge.xyz 	59.5471928686 

../Molecules/py_Benzene_MOPAC.xyz 	59.6325082108 

../Molecules/py_cyclopropane.xyz 	26.6650987671 

../Molecules/py_cyclopentane.xyz 	43.5975797074 

../Molecules//py_cyclohexane.xyz 	51.9726601755 

../Molecules/chain_dodecane_fit_aniso_no_charge.xyz 	106.761959485 

../Molecules/chain_ethane_fit_aniso_no_charge.xyz 	20.646328035 

../Molecules/chain_hexane_fit_aniso_no_charge.xyz 	55.1381955509 

../Molecules/chain_methane_fit_aniso_no_charge.xyz 	11.8318242807 

../Molecules/chain_propane_fit_aniso_no_charge.xyz 	29.3167828911 

../Molecules/BENZENE_picen_fit_aniso_no_charge.xyz 	44.5836432269 

../Molecules/py_Benzene_MOPAC.xyz 	44.6086073108 

../Molecules/py_cyclopropane.xyz 	26.6650987671 

../Molecules/py_cyclopentane.xyz 	43.5975797074 

../Molecules//py_cyclohexane.xyz 	51.9726601755 

../Molecules/chain_dodecane_fit_aniso_no_charge.xyz 	106.761959485 

../Molecules/chain_ethane_fit_aniso_no_charge.xyz 	20.646328035 

../Molecules/chain_hexane_fit_aniso_no_charge.xyz 	55.1381955509 

../Molecules/chain_methane_fit_aniso_no_charge.xyz 	11.8318242807 

../Molecules/chain_propane_fit_aniso_no_charge.xyz 	29.3167828911 

../Molecules/BENZENE_picen_fit_aniso_no_charge.xyz 	44.5836432269 

../Molecules/py_Benzene_MOPAC.xyz 	44.6086073108 

../Molecules/py_cyclopropane.xyz 	-7.71190080576 

../Molecules/py_cyclopentane.xyz 	-18.9271252263 

../Molecules//py_cyclohexane.xyz 	-23.8002269252 

../Molecules/chain_dodecane_fit_aniso_no_charge.xyz 	-55.4260208743 

../Molecules/chain_ethane_fit_aniso_no_charge.xyz 	4.49175346204 

../Molecules/chain_hexane_fit_aniso_no_charge.xyz 	-14.1009817281 

../Molecules/chain_methane_fit_aniso_no_charge.xyz 	6.61607332321 

../Molecules/chain_propane_fit_aniso_no_charge.xyz 	3.9658967598 

../Molecules/BENZENE_picen_fit_aniso_no_charge.xyz 	-15.6097927135 

../Molecules/py_Benzene_MOPAC.xyz 	-17.8432865559 

../Molecules/py_cyclopropane.xyz 	-7.71190080576 

../Molecules/py_cyclopentane.xyz 	-18.9271252263 

../Molecules//py_cyclohexane.xyz 	-23.8002269252 

../Molecules/chain_dodecane_fit_aniso_no_charge.xyz 	-55.4260208743 

../Molecules/chain_ethane_fit_aniso_no_charge.xyz 	4.49175346204 

../Molecules/chain_hexane_fit_aniso_no_charge.xyz 	-14.1009817281 

../Molecules/chain_methane_fit_aniso_no_charge.xyz 	6.61607332321 

../Molecules/chain_propane_fit_aniso_no_charge.xyz 	3.9658967598 

../Molecules/BENZENE_picen_fit_aniso_no_charge.xyz 	-15.6097927135 

../Molecules/py_Benzene_MOPAC.xyz 	-17.8432865559 

../Molecules/py_cyclopropane.xyz 	26.6650987671 

../Molecules/py_cyclopentane.xyz 	43.5975797074 

../Molecules//py_cyclohexane.xyz 	51.9726601755 

../Molecules/chain_dodecane_fit_aniso_no_charge.xyz 	106.761959485 

../Molecules/chain_ethane_fit_aniso_no_charge.xyz 	20.646328035 

../Molecules/chain_hexane_fit_aniso_no_charge.xyz 	55.1381955509 

../Molecules/chain_methane_fit_aniso_no_charge.xyz 	11.8318242807 

../Molecules/chain_propane_fit_aniso_no_charge.xyz 	29.3167828911 

../Molecules/BENZENE_picen_fit_aniso_no_charge.xyz 	44.5836432269 

../Molecules/py_Benzene_MOPAC.xyz 	44.6086073108 

../Molecules/py_cyclopropane.xyz 	26.6650987671 

../Molecules/py_cyclopentane.xyz 	43.5975797074 

../Molecules//py_cyclohexane.xyz 	51.9726601755 

../Molecules/chain_dodecane_fit_aniso_no_charge.xyz 	106.761959485 

../Molecules/chain_ethane_fit_aniso_no_charge.xyz 	20.646328035 

../Molecules/chain_hexane_fit_aniso_no_charge.xyz 	55.1381955509 

../Molecules/chain_methane_fit_aniso_no_charge.xyz 	11.8318242807 

../Molecules/chain_propane_fit_aniso_no_charge.xyz 	29.3167828911 

../Molecules/BENZENE_picen_fit_aniso_no_charge.xyz 	44.5836432269 

../Molecules/py_Benzene_MOPAC.xyz 	44.6086073108 

../Molecules/py_cyclopropane.xyz 	42.719241196 

../Molecules/py_cyclopentane.xyz 	68.7495322591 

../Molecules//py_cyclohexane.xyz 	81.6304766509 

../Molecules/chain_dodecane_fit_aniso_no_charge.xyz 	173.755740241 

../Molecules/chain_ethane_fit_aniso_no_charge.xyz 	35.0702603296 

../Molecules/chain_hexane_fit_aniso_no_charge.xyz 	89.8104677716 

../Molecules/chain_methane_fit_aniso_no_charge.xyz 	21.2281486252 

../Molecules/chain_propane_fit_aniso_no_charge.xyz 	48.6215556871 

../Molecules/BENZENE_picen_fit_aniso_no_charge.xyz 	66.7864085036 

../Molecules/py_Benzene_MOPAC.xyz 	66.9386945055 

../Molecules/py_cyclopropane.xyz 	141.806170326 

../Molecules/py_cyclopentane.xyz 	85.0906170673 

../Molecules//py_cyclohexane.xyz 	170.961012559 

../Molecules/chain_dodecane_fit_aniso_no_charge.xyz 	-70.1194351966 

../Molecules/chain_ethane_fit_aniso_no_charge.xyz 	63.7169119778 

../Molecules/chain_hexane_fit_aniso_no_charge.xyz 	107.715649948 

../Molecules/chain_methane_fit_aniso_no_charge.xyz 	17.5872352003 

../Molecules/chain_propane_fit_aniso_no_charge.xyz 	-78.0168590543 

../Molecules/BENZENE_picen_fit_aniso_no_charge.xyz 	227.007895273 

../Molecules/py_Benzene_MOPAC.xyz 	199.393350576 

../Molecules/py_cyclopropane.xyz 	141.806170326 

../Molecules/py_cyclopentane.xyz 	85.0906170673 

../Molecules//py_cyclohexane.xyz 	170.961012559 

../Molecules/chain_dodecane_fit_aniso_no_charge.xyz 	-71.9820004379 

../Molecules/chain_ethane_fit_aniso_no_charge.xyz 	62.8722161319 

../Molecules/chain_hexane_fit_aniso_no_charge.xyz 	88.5819409566 

../Molecules/chain_methane_fit_aniso_no_charge.xyz 	17.5571603659 

../Molecules/chain_propane_fit_aniso_no_charge.xyz 	-83.4305415723 

../Molecules/BENZENE_picen_fit_aniso_no_charge.xyz 	224.816133013 

../Molecules/py_Benzene_MOPAC.xyz 	199.393350576 

../Molecules/py_cyclopropane.xyz 	141.806170326 

../Molecules/py_cyclopentane.xyz 	85.0906170673 

../Molecules//py_cyclohexane.xyz 	170.961012559 

../Molecules/chain_dodecane_fit_aniso_no_charge.xyz 	-71.9820004379 

../Molecules/chain_ethane_fit_aniso_no_charge.xyz 	62.8722161319 

../Molecules/chain_hexane_fit_aniso_no_charge.xyz 	88.5819409566 

../Molecules/chain_methane_fit_aniso_no_charge.xyz 	17.5571603659 

../Molecules/chain_propane_fit_aniso_no_charge.xyz 	-83.4305415723 

../Molecules/BENZENE_picen_fit_aniso_no_charge.xyz 	224.816133013 

../Molecules/py_Benzene_MOPAC.xyz 	199.393350576 

../Molecules/py_cyclopropane.xyz 	141.806170326 

../Molecules/py_cyclopentane.xyz 	85.0906170673 

../Molecules//py_cyclohexane.xyz 	170.961012559 

../Molecules/chain_dodecane_fit_aniso_no_charge.xyz 	-70.1194351966 

../Molecules/chain_ethane_fit_aniso_no_charge.xyz 	63.7169119778 

../Molecules/chain_hexane_fit_aniso_no_charge.xyz 	107.715649948 

../Molecules/chain_methane_fit_aniso_no_charge.xyz 	17.5872352003 

../Molecules/chain_propane_fit_aniso_no_charge.xyz 	-78.0168590543 

../Molecules/BENZENE_picen_fit_aniso_no_charge.xyz 	227.007895273 

../Molecules/py_Benzene_MOPAC.xyz 	199.393350576 

../Molecules/py_cyclopropane.xyz 	141.806170326 

../Molecules/py_cyclopentane.xyz 	85.0906170673 

../Molecules//py_cyclohexane.xyz 	170.961012559 

../Molecules/chain_dodecane_fit_aniso_no_charge.xyz 	-70.1194351966 

../Molecules/chain_ethane_fit_aniso_no_charge.xyz 	63.7169119778 

../Molecules/chain_hexane_fit_aniso_no_charge.xyz 	107.715649948 

../Molecules/chain_methane_fit_aniso_no_charge.xyz 	17.5872352003 

../Molecules/chain_propane_fit_aniso_no_charge.xyz 	-78.0168590543 

../Molecules/BENZENE_picen_fit_aniso_no_charge.xyz 	227.007895273 

../Molecules/py_Benzene_MOPAC.xyz 	199.393350576 

../Molecules/py_cyclopropane.xyz 	141.806170326 

../Molecules/py_cyclopentane.xyz 	85.0906170673 

../Molecules//py_cyclohexane.xyz 	170.961012559 

../Molecules/chain_dodecane_fit_aniso_no_charge.xyz 	-70.1194351966 

../Molecules/chain_ethane_fit_aniso_no_charge.xyz 	63.7169119778 

../Molecules/chain_hexane_fit_aniso_no_charge.xyz 	107.715649948 

../Molecules/chain_methane_fit_aniso_no_charge.xyz 	17.5872352003 

../Molecules/chain_propane_fit_aniso_no_charge.xyz 	-78.0168590543 

../Molecules/BENZENE_picen_fit_aniso_no_charge.xyz 	227.007895273 

../Molecules/py_Benzene_MOPAC.xyz 	199.393350576 

../Molecules/py_cyclopropane.xyz 	141.806170326 

../Molecules/py_cyclopentane.xyz 	85.0906170673 

../Molecules//py_cyclohexane.xyz 	170.961012559 

../Molecules/chain_dodecane_fit_aniso_no_charge.xyz 	-70.1194351966 

../Molecules/chain_ethane_fit_aniso_no_charge.xyz 	63.7169119778 

../Molecules/chain_hexane_fit_aniso_no_charge.xyz 	107.715649948 

../Molecules/chain_methane_fit_aniso_no_charge.xyz 	17.5872352003 

../Molecules/chain_propane_fit_aniso_no_charge.xyz 	-78.0168590543 

../Molecules/BENZENE_picen_fit_aniso_no_charge.xyz 	227.007895273 

../Molecules/py_Benzene_MOPAC.xyz 	1473.85806704 

../Molecules/py_cyclopropane.xyz 	141.806170326 

../Molecules/py_cyclopentane.xyz 	85.0906170673 

../Molecules//py_cyclohexane.xyz 	170.961012559 

../Molecules/chain_dodecane_fit_aniso_no_charge.xyz 	-70.1194351966 

../Molecules/chain_ethane_fit_aniso_no_charge.xyz 	63.7169119778 

../Molecules/chain_hexane_fit_aniso_no_charge.xyz 	107.715649948 

../Molecules/chain_methane_fit_aniso_no_charge.xyz 	17.5872352003 

../Molecules/chain_propane_fit_aniso_no_charge.xyz 	-78.0168590543 

../Molecules/BENZENE_picen_fit_aniso_no_charge.xyz 	227.007895273 

../Molecules/py_Benzene_MOPAC.xyz 	-4.8310950436 

../Molecules/py_cyclopropane.xyz 	141.806170326 

../Molecules/py_cyclopentane.xyz 	85.0906170673 

../Molecules//py_cyclohexane.xyz 	170.961012559 

../Molecules/chain_dodecane_fit_aniso_no_charge.xyz 	-70.1194351966 

../Molecules/chain_ethane_fit_aniso_no_charge.xyz 	63.7169119778 

../Molecules/chain_hexane_fit_aniso_no_charge.xyz 	107.715649948 

../Molecules/chain_methane_fit_aniso_no_charge.xyz 	17.5872352003 

../Molecules/chain_propane_fit_aniso_no_charge.xyz 	-78.0168590543 

../Molecules/BENZENE_picen_fit_aniso_no_charge.xyz 	227.007895273 

../Molecules/py_Benzene_MOPAC.xyz 	199.393350576 

../Molecules/py_cyclopropane.xyz 	141.806170326 

../Molecules/py_cyclopentane.xyz 	85.0906170673 

../Molecules//py_cyclohexane.xyz 	170.961012559 

../Molecules/chain_dodecane_fit_aniso_no_charge.xyz 	-70.1194351966 

../Molecules/chain_ethane_fit_aniso_no_charge.xyz 	63.7169119778 

../Molecules/chain_hexane_fit_aniso_no_charge.xyz 	107.715649948 

../Molecules/chain_methane_fit_aniso_no_charge.xyz 	17.5872352003 

../Molecules/chain_propane_fit_aniso_no_charge.xyz 	-78.0168590543 

../Molecules/BENZENE_picen_fit_aniso_no_charge.xyz 	227.007895273 

../Molecules/py_Benzene_MOPAC.xyz 	39.5452101343 

../Molecules/py_cyclopropane.xyz 	141.806170326 

../Molecules/py_cyclopentane.xyz 	85.0906170673 

../Molecules//py_cyclohexane.xyz 	170.961012559 

../Molecules/chain_dodecane_fit_aniso_no_charge.xyz 	-70.1194351966 

../Molecules/chain_ethane_fit_aniso_no_charge.xyz 	63.7169119778 

../Molecules/chain_hexane_fit_aniso_no_charge.xyz 	107.715649948 

../Molecules/chain_methane_fit_aniso_no_charge.xyz 	17.5872352003 

../Molecules/chain_propane_fit_aniso_no_charge.xyz 	-78.0168590543 

../Molecules/BENZENE_picen_fit_aniso_no_charge.xyz 	227.007895273 

../Molecules/py_Benzene_MOPAC.xyz 	39.5452101343 

../Molecules/py_cyclopropane.xyz 	141.806170326 

../Molecules/py_cyclopentane.xyz 	85.0906170673 

../Molecules//py_cyclohexane.xyz 	170.961012559 

../Molecules/chain_dodecane_fit_aniso_no_charge.xyz 	-70.1194351966 

../Molecules/chain_ethane_fit_aniso_no_charge.xyz 	63.7169119778 

../Molecules/chain_hexane_fit_aniso_no_charge.xyz 	107.715649948 

../Molecules/chain_methane_fit_aniso_no_charge.xyz 	17.5872352003 

../Molecules/chain_propane_fit_aniso_no_charge.xyz 	-78.0168590543 

../Molecules/BENZENE_picen_fit_aniso_no_charge.xyz 	227.007895273 

../Molecules/py_Benzene_MOPAC.xyz 	39.5452101343 

../Molecules/py_cyclopropane.xyz 	141.806170326 

../Molecules/py_cyclopentane.xyz 	85.0906170673 

../Molecules//py_cyclohexane.xyz 	170.961012559 

../Molecules/chain_dodecane_fit_aniso_no_charge.xyz 	-70.1194351966 

../Molecules/chain_ethane_fit_aniso_no_charge.xyz 	63.7169119778 

../Molecules/chain_hexane_fit_aniso_no_charge.xyz 	107.715649948 

../Molecules/chain_methane_fit_aniso_no_charge.xyz 	17.5872352003 

../Molecules/chain_propane_fit_aniso_no_charge.xyz 	-78.0168590543 

../Molecules/BENZENE_picen_fit_aniso_no_charge.xyz 	227.007895273 

../Molecules/py_Benzene_MOPAC.xyz 	39.5452101343 

../Molecules/py_cyclopropane.xyz 	141.806170326 

../Molecules/py_cyclopentane.xyz 	85.0906170673 

../Molecules//py_cyclohexane.xyz 	170.961012559 

../Molecules/chain_dodecane_fit_aniso_no_charge.xyz 	-70.1194351966 

../Molecules/chain_ethane_fit_aniso_no_charge.xyz 	63.7169119778 

../Molecules/chain_hexane_fit_aniso_no_charge.xyz 	107.715649948 

../Molecules/chain_methane_fit_aniso_no_charge.xyz 	17.5872352003 

../Molecules/chain_propane_fit_aniso_no_charge.xyz 	-78.0168590543 

../Molecules/BENZENE_picen_fit_aniso_no_charge.xyz 	227.007895273 

../Molecules/py_Benzene_MOPAC.xyz 	39.5452101343 

../Molecules/py_cyclopropane.xyz 	141.806170326 

../Molecules/py_cyclopentane.xyz 	85.0906170673 

../Molecules//py_cyclohexane.xyz 	170.961012559 

../Molecules/chain_dodecane_fit_aniso_no_charge.xyz 	-70.1194351966 

../Molecules/chain_ethane_fit_aniso_no_charge.xyz 	63.7169119778 

../Molecules/chain_hexane_fit_aniso_no_charge.xyz 	107.715649948 

../Molecules/chain_methane_fit_aniso_no_charge.xyz 	17.5872352003 

../Molecules/chain_propane_fit_aniso_no_charge.xyz 	-78.0168590543 

../Molecules/BENZENE_picen_fit_aniso_no_charge.xyz 	227.007895273 

../Molecules/py_Benzene_MOPAC.xyz 	39.5452101343 

../Molecules/py_cyclopropane.xyz 	141.806170326 

../Molecules/py_cyclopentane.xyz 	85.0906170673 

../Molecules//py_cyclohexane.xyz 	170.961012559 

../Molecules/chain_dodecane_fit_aniso_no_charge.xyz 	-70.1194351966 

../Molecules/chain_ethane_fit_aniso_no_charge.xyz 	63.7169119778 

../Molecules/chain_hexane_fit_aniso_no_charge.xyz 	107.715649948 

../Molecules/chain_methane_fit_aniso_no_charge.xyz 	17.5872352003 

../Molecules/chain_propane_fit_aniso_no_charge.xyz 	-78.0168590543 

../Molecules/BENZENE_picen_fit_aniso_no_charge.xyz 	227.007895273 

../Molecules/py_Benzene_MOPAC.xyz 	39.5452101343 

../Molecules/py_cyclopropane.xyz 	29.5071569972 

../Molecules/py_cyclopentane.xyz 	48.2867695638 

../Molecules//py_cyclohexane.xyz 	57.2730479756 

../Molecules/chain_dodecane_fit_aniso_no_charge.xyz 	137.048209421 

../Molecules/chain_ethane_fit_aniso_no_charge.xyz 	23.2499839036 

../Molecules/chain_hexane_fit_aniso_no_charge.xyz 	66.375059447 

../Molecules/chain_methane_fit_aniso_no_charge.xyz 	13.781265035 

../Molecules/chain_propane_fit_aniso_no_charge.xyz 	33.25448758 

../Molecules/BENZENE_picen_fit_aniso_no_charge.xyz 	47.0139794436 

../Molecules/py_Benzene_MOPAC.xyz 	199.579972125 

../Molecules/py_cyclopropane.xyz 	29.5071569972 

../Molecules/py_cyclopentane.xyz 	48.2867695638 

../Molecules//py_cyclohexane.xyz 	57.2730479756 

../Molecules/chain_dodecane_fit_aniso_no_charge.xyz 	137.048209421 

../Molecules/chain_ethane_fit_aniso_no_charge.xyz 	23.2499839036 

../Molecules/chain_hexane_fit_aniso_no_charge.xyz 	66.375059447 

../Molecules/chain_methane_fit_aniso_no_charge.xyz 	13.781265035 

../Molecules/chain_propane_fit_aniso_no_charge.xyz 	33.25448758 

../Molecules/BENZENE_picen_fit_aniso_no_charge.xyz 	47.0139794436 

../Molecules/py_Benzene_MOPAC.xyz 	199.579972125 

../Molecules/py_cyclopropane.xyz 	29.5071569972 

../Molecules/py_cyclopentane.xyz 	48.2867695638 

../Molecules//py_cyclohexane.xyz 	57.2730479756 

../Molecules/chain_dodecane_fit_aniso_no_charge.xyz 	137.048209421 

../Molecules/chain_ethane_fit_aniso_no_charge.xyz 	23.2499839036 

../Molecules/chain_hexane_fit_aniso_no_charge.xyz 	66.375059447 

../Molecules/chain_methane_fit_aniso_no_charge.xyz 	13.781265035 

../Molecules/chain_propane_fit_aniso_no_charge.xyz 	33.25448758 

../Molecules/BENZENE_picen_fit_aniso_no_charge.xyz 	47.0139794436 

../Molecules/py_Benzene_MOPAC.xyz 	199.579972125 

../Molecules/py_cyclopropane.xyz 	29.5071569972 

../Molecules/py_cyclopentane.xyz 	48.2867695638 

../Molecules//py_cyclohexane.xyz 	57.2730479756 

../Molecules/chain_dodecane_fit_aniso_no_charge.xyz 	137.048209421 

../Molecules/chain_ethane_fit_aniso_no_charge.xyz 	23.2499839036 

../Molecules/chain_hexane_fit_aniso_no_charge.xyz 	66.375059447 

../Molecules/chain_methane_fit_aniso_no_charge.xyz 	13.781265035 

../Molecules/chain_propane_fit_aniso_no_charge.xyz 	33.25448758 

../Molecules/BENZENE_picen_fit_aniso_no_charge.xyz 	47.0139794436 

../Molecules/py_Benzene_MOPAC.xyz 	199.579972125 

../Molecules/py_cyclopropane.xyz 	29.5071569972 

../Molecules/py_cyclopentane.xyz 	48.2867695638 

../Molecules//py_cyclohexane.xyz 	57.2730479756 

../Molecules/chain_dodecane_fit_aniso_no_charge.xyz 	137.048209421 

../Molecules/chain_ethane_fit_aniso_no_charge.xyz 	23.2499839036 

../Molecules/chain_hexane_fit_aniso_no_charge.xyz 	66.375059447 

../Molecules/chain_methane_fit_aniso_no_charge.xyz 	13.781265035 

../Molecules/chain_propane_fit_aniso_no_charge.xyz 	33.25448758 

../Molecules/BENZENE_picen_fit_aniso_no_charge.xyz 	47.0139794436 

../Molecules/py_Benzene_MOPAC.xyz 	47.3952860432 

../Molecules/py_cyclopropane.xyz 	29.5071569972 

../Molecules/py_cyclopentane.xyz 	48.2867695638 

../Molecules//py_cyclohexane.xyz 	57.2730479756 

../Molecules/chain_dodecane_fit_aniso_no_charge.xyz 	137.048209421 

../Molecules/chain_ethane_fit_aniso_no_charge.xyz 	23.2499839036 

../Molecules/chain_hexane_fit_aniso_no_charge.xyz 	66.375059447 

../Molecules/chain_methane_fit_aniso_no_charge.xyz 	13.781265035 

../Molecules/chain_propane_fit_aniso_no_charge.xyz 	33.25448758 

../Molecules/BENZENE_picen_fit_aniso_no_charge.xyz 	47.0139794436 

../Molecules/py_Benzene_MOPAC.xyz 	47.3952860432 

../Molecules/py_cyclopropane.xyz 	141.806170326 

../Molecules/py_cyclopentane.xyz 	85.0906170673 

../Molecules//py_cyclohexane.xyz 	170.961012559 

../Molecules/chain_dodecane_fit_aniso_no_charge.xyz 	-70.1194351966 

../Molecules/chain_ethane_fit_aniso_no_charge.xyz 	63.7169119778 

../Molecules/chain_hexane_fit_aniso_no_charge.xyz 	107.715649948 

../Molecules/chain_methane_fit_aniso_no_charge.xyz 	17.5872352003 

../Molecules/chain_propane_fit_aniso_no_charge.xyz 	-78.0168590543 

../Molecules/BENZENE_picen_fit_aniso_no_charge.xyz 	227.007895273 

../Molecules/py_Benzene_MOPAC.xyz 	199.393350576 

../Molecules/py_cyclopropane.xyz 	23.4696001546 

../Molecules/py_cyclopentane.xyz 	38.1271343515 

../Molecules//py_cyclohexane.xyz 	45.8458455779 

../Molecules/chain_dodecane_fit_aniso_no_charge.xyz 	96.6774926814 

../Molecules/chain_ethane_fit_aniso_no_charge.xyz 	18.2700595015 

../Molecules/py_cyclopropane.xyz 	103.103657102 

../Molecules/py_cyclopentane.xyz 	79.7375587764 

../Molecules//py_cyclohexane.xyz 	105.452775607 

../Molecules/chain_dodecane_fit_aniso_no_charge.xyz 	1216.35001362 

../Molecules/chain_ethane_fit_aniso_no_charge.xyz 	53.5537130207 

../Molecules/chain_hexane_fit_aniso_no_charge.xyz 	293.807098034 

../Molecules/chain_methane_fit_aniso_no_charge.xyz 	24.9790650352 

../Molecules/chain_propane_fit_aniso_no_charge.xyz 	98.0641693177 

../Molecules/BENZENE_picen_fit_aniso_no_charge.xyz 	134.43194864 

../Molecules/py_Benzene_MOPAC.xyz 	127.36240853 

../Molecules/py_cyclopropane.xyz 	26.6650987671 

../Molecules/py_cyclopentane.xyz 	43.5975797074 

../Molecules//py_cyclohexane.xyz 	51.9726601755 

../Molecules/chain_dodecane_fit_aniso_no_charge.xyz 	106.761959485 

../Molecules/chain_ethane_fit_aniso_no_charge.xyz 	20.646328035 

../Molecules/chain_hexane_fit_aniso_no_charge.xyz 	55.1381955509 

../Molecules/chain_methane_fit_aniso_no_charge.xyz 	11.8318242807 

../Molecules/chain_propane_fit_aniso_no_charge.xyz 	29.3167828911 

../Molecules/BENZENE_picen_fit_aniso_no_charge.xyz 	44.5836432269 

../Molecules/py_Benzene_MOPAC.xyz 	44.6086073108 

../Molecules/py_cyclopropane.xyz 	26.6650987671 

../Molecules/py_cyclopentane.xyz 	43.5975797074 

../Molecules//py_cyclohexane.xyz 	51.9726601755 

../Molecules/chain_dodecane_fit_aniso_no_charge.xyz 	106.761959485 

../Molecules/chain_ethane_fit_aniso_no_charge.xyz 	20.646328035 

../Molecules/chain_hexane_fit_aniso_no_charge.xyz 	55.1381955509 

../Molecules/chain_methane_fit_aniso_no_charge.xyz 	11.8318242807 

../Molecules/chain_propane_fit_aniso_no_charge.xyz 	29.3167828911 

../Molecules/BENZENE_picen_fit_aniso_no_charge.xyz 	44.5836432269 

../Molecules/py_Benzene_MOPAC.xyz 	44.6086073108 

../Molecules/py_cyclopropane.xyz 	37.8417305741 

../Molecules/py_cyclopentane.xyz 	61.0962234843 

../Molecules//py_cyclohexane.xyz 	72.5803375236 

../Molecules/chain_dodecane_fit_aniso_no_charge.xyz 	151.913535388 

../Molecules/chain_ethane_fit_aniso_no_charge.xyz 	30.7376766316 

../Molecules/chain_hexane_fit_aniso_no_charge.xyz 	78.9702372095 

../Molecules/chain_methane_fit_aniso_no_charge.xyz 	18.3987699444 

../Molecules/chain_propane_fit_aniso_no_charge.xyz 	42.7951124732 

../Molecules/BENZENE_picen_fit_aniso_no_charge.xyz 	59.5471928686 

../Molecules/py_Benzene_MOPAC.xyz 	59.6325082108 

../Molecules/py_cyclopropane.xyz 	-16.7856809199 

../Molecules/py_cyclopentane.xyz 	190.018921223 

../Molecules//py_cyclohexane.xyz 	129.542902131 

../Molecules/chain_dodecane_fit_aniso_no_charge.xyz 	-228.739724302 

../Molecules/chain_ethane_fit_aniso_no_charge.xyz 	40.1681285947 

../Molecules/chain_hexane_fit_aniso_no_charge.xyz 	183.341979996 

../Molecules/chain_methane_fit_aniso_no_charge.xyz 	3603.43380156 

../Molecules/chain_propane_fit_aniso_no_charge.xyz 	88.1291829367 

../Molecules/BENZENE_picen_fit_aniso_no_charge.xyz 	820.160711027 

../Molecules/py_Benzene_MOPAC.xyz 	627.508941113 

../Molecules/py_cyclopropane.xyz 	37.8417305741 

../Molecules/py_cyclopentane.xyz 	61.0962234843 

../Molecules//py_cyclohexane.xyz 	72.5803375236 

../Molecules/chain_dodecane_fit_aniso_no_charge.xyz 	151.913535388 

../Molecules/chain_ethane_fit_aniso_no_charge.xyz 	30.7376766316 

../Molecules/chain_hexane_fit_aniso_no_charge.xyz 	78.9702372095 

../Molecules/chain_methane_fit_aniso_no_charge.xyz 	18.3987699444 

../Molecules/chain_propane_fit_aniso_no_charge.xyz 	42.7951124732 

../Molecules/BENZENE_picen_fit_aniso_no_charge.xyz 	59.5471928686 

../Molecules/py_Benzene_MOPAC.xyz 	59.6325082108 

../Molecules/py_cyclopropane.xyz 	26.6650987671 

../Molecules/py_cyclopentane.xyz 	43.5975797074 

../Molecules//py_cyclohexane.xyz 	51.9726601755 

../Molecules/chain_dodecane_fit_aniso_no_charge.xyz 	106.761959485 

../Molecules/chain_ethane_fit_aniso_no_charge.xyz 	20.646328035 

../Molecules/chain_hexane_fit_aniso_no_charge.xyz 	55.1381955509 

../Molecules/chain_methane_fit_aniso_no_charge.xyz 	11.8318242807 

../Molecules/chain_propane_fit_aniso_no_charge.xyz 	29.3167828911 

../Molecules/BENZENE_picen_fit_aniso_no_charge.xyz 	44.5836432269 

../Molecules/py_Benzene_MOPAC.xyz 	44.6086073108 

../Molecules/py_cyclopropane.xyz 	25.3850759572 

../Molecules/py_cyclopentane.xyz 	41.3031137517 

../Molecules//py_cyclohexane.xyz 	49.2168190271 

../Molecules/chain_dodecane_fit_aniso_no_charge.xyz 	102.25345081 

../Molecules/chain_ethane_fit_aniso_no_charge.xyz 	19.8245923528 

../Molecules/chain_hexane_fit_aniso_no_charge.xyz 	52.6711366939 

../Molecules/chain_methane_fit_aniso_no_charge.xyz 	11.4705782696 

../Molecules/chain_propane_fit_aniso_no_charge.xyz 	28.0290999593 

../Molecules/BENZENE_picen_fit_aniso_no_charge.xyz 	42.2504298687 

../Molecules/py_Benzene_MOPAC.xyz 	42.3078467209 

../Molecules/py_cyclopropane.xyz 	24.3562542738 

../Molecules/py_cyclopentane.xyz 	40.0662581709 

../Molecules//py_cyclohexane.xyz 	47.9368089247 

../Molecules/chain_dodecane_fit_aniso_no_charge.xyz 	102.828923854 

../Molecules/chain_ethane_fit_aniso_no_charge.xyz 	18.9179949777 

../Molecules/chain_hexane_fit_aniso_no_charge.xyz 	51.8845830461 

../Molecules/chain_methane_fit_aniso_no_charge.xyz 	10.8305670979 

../Molecules/chain_propane_fit_aniso_no_charge.xyz 	26.9756896196 

../Molecules/BENZENE_picen_fit_aniso_no_charge.xyz 	41.4124915531 

../Molecules/py_Benzene_MOPAC.xyz 	41.521924222 

../Molecules/py_cyclopropane.xyz 	37.6151762144 

../Molecules/py_cyclopentane.xyz 	54.3624830116 

../Molecules//py_cyclohexane.xyz 	66.4195050958 

../Molecules/chain_dodecane_fit_aniso_no_charge.xyz 	173.905678006 

../Molecules/chain_ethane_fit_aniso_no_charge.xyz 	26.0236558377 

../Molecules/chain_hexane_fit_aniso_no_charge.xyz 	80.1584103198 

../Molecules/chain_methane_fit_aniso_no_charge.xyz 	13.8148614451 

../Molecules/chain_propane_fit_aniso_no_charge.xyz 	38.1802434914 

../Molecules/BENZENE_picen_fit_aniso_no_charge.xyz 	66.7725107252 

../Molecules/py_Benzene_MOPAC.xyz 	66.1884475043 

../Molecules/py_cyclopropane.xyz 	282.198629818 

../Molecules/py_cyclopentane.xyz 	93.1867344293 

../Molecules//py_cyclohexane.xyz 	142.204246447 

../Molecules/chain_dodecane_fit_aniso_no_charge.xyz 	-646.410353591 

../Molecules/chain_ethane_fit_aniso_no_charge.xyz 	96.3396712284 

../Molecules/chain_hexane_fit_aniso_no_charge.xyz 	281.773308806 

../Molecules/chain_methane_fit_aniso_no_charge.xyz 	35.1538723644 

../Molecules/chain_propane_fit_aniso_no_charge.xyz 	-121.664044647 

../Molecules/BENZENE_picen_fit_aniso_no_charge.xyz 	181.216914693 

../Molecules/py_Benzene_MOPAC.xyz 	166.198515493 

../Molecules/py_cyclopropane.xyz 	37.6151762144 

../Molecules/py_cyclopentane.xyz 	54.3624830116 

../Molecules//py_cyclohexane.xyz 	66.4195050958 

../Molecules/chain_dodecane_fit_aniso_no_charge.xyz 	173.905678006 

../Molecules/chain_ethane_fit_aniso_no_charge.xyz 	26.0236558377 

../Molecules/chain_hexane_fit_aniso_no_charge.xyz 	80.1584103198 

../Molecules/chain_methane_fit_aniso_no_charge.xyz 	13.8148614451 

../Molecules/chain_propane_fit_aniso_no_charge.xyz 	38.1802434914 

../Molecules/BENZENE_picen_fit_aniso_no_charge.xyz 	66.7725107252 

../Molecules/py_Benzene_MOPAC.xyz 	66.1884475043 

../Molecules/py_cyclopropane.xyz 	26.6650987671 

../Molecules/py_cyclopentane.xyz 	43.5975797074 

../Molecules//py_cyclohexane.xyz 	51.9726601755 

../Molecules/chain_dodecane_fit_aniso_no_charge.xyz 	106.761959485 

../Molecules/chain_ethane_fit_aniso_no_charge.xyz 	20.646328035 

../Molecules/chain_hexane_fit_aniso_no_charge.xyz 	55.1381955509 

../Molecules/chain_methane_fit_aniso_no_charge.xyz 	11.8318242807 

../Molecules/chain_propane_fit_aniso_no_charge.xyz 	29.3167828911 

../Molecules/BENZENE_picen_fit_aniso_no_charge.xyz 	44.5836432269 

../Molecules/py_Benzene_MOPAC.xyz 	44.6086073108 

../Molecules/py_cyclopropane.xyz 	37.8417305741 

../Molecules/py_cyclopentane.xyz 	61.0962234843 

../Molecules//py_cyclohexane.xyz 	72.5803375236 

../Molecules/chain_dodecane_fit_aniso_no_charge.xyz 	151.913535388 

../Molecules/chain_ethane_fit_aniso_no_charge.xyz 	30.7376766316 

../Molecules/chain_hexane_fit_aniso_no_charge.xyz 	78.9702372095 

../Molecules/chain_methane_fit_aniso_no_charge.xyz 	18.3987699444 

../Molecules/chain_propane_fit_aniso_no_charge.xyz 	42.7951124732 

../Molecules/BENZENE_picen_fit_aniso_no_charge.xyz 	59.5471928686 

../Molecules/py_Benzene_MOPAC.xyz 	59.6325082108 

../Molecules/py_cyclopropane.xyz 	26.6650987671 

../Molecules/py_cyclopentane.xyz 	43.5975797074 

../Molecules//py_cyclohexane.xyz 	51.9726601755 

../Molecules/chain_dodecane_fit_aniso_no_charge.xyz 	106.761959485 

../Molecules/chain_ethane_fit_aniso_no_charge.xyz 	20.646328035 

../Molecules/chain_hexane_fit_aniso_no_charge.xyz 	55.1381955509 

../Molecules/chain_methane_fit_aniso_no_charge.xyz 	11.8318242807 

../Molecules/chain_propane_fit_aniso_no_charge.xyz 	29.3167828911 

../Molecules/BENZENE_picen_fit_aniso_no_charge.xyz 	44.5836432269 

../Molecules/py_Benzene_MOPAC.xyz 	44.6086073108 

../Molecules/py_cyclopropane.xyz 	26.6662359403 

../Molecules/py_cyclopentane.xyz 	43.599833353 

../Molecules//py_cyclohexane.xyz 	51.9754534738 

../Molecules/chain_dodecane_fit_aniso_no_charge.xyz 	106.766754444 

../Molecules/chain_ethane_fit_aniso_no_charge.xyz 	20.647029602 

../Molecules/chain_hexane_fit_aniso_no_charge.xyz 	55.1406689714 

../Molecules/chain_methane_fit_aniso_no_charge.xyz 	11.8321013051 

../Molecules/chain_propane_fit_aniso_no_charge.xyz 	29.3179567798 

../Molecules/BENZENE_picen_fit_aniso_no_charge.xyz 	44.5859350927 

../Molecules/py_Benzene_MOPAC.xyz 	44.6108731902 

../Molecules/py_cyclopropane.xyz 	26.6639535831 

../Molecules/py_cyclopentane.xyz 	43.5953106054 

../Molecules//py_cyclohexane.xyz 	51.9698478991 

../Molecules/chain_dodecane_fit_aniso_no_charge.xyz 	106.757132375 

../Molecules/chain_ethane_fit_aniso_no_charge.xyz 	20.645621482 

../Molecules/chain_hexane_fit_aniso_no_charge.xyz 	55.1357052896 

../Molecules/chain_methane_fit_aniso_no_charge.xyz 	11.8315452368 

../Molecules/chain_propane_fit_aniso_no_charge.xyz 	29.315600799 

../Molecules/BENZENE_picen_fit_aniso_no_charge.xyz 	44.5813356357 

../Molecules/py_Benzene_MOPAC.xyz 	44.6063258945 

../Molecules/py_cyclopropane.xyz 	26.7487224857 

../Molecules/py_cyclopentane.xyz 	43.7644220422 

../Molecules//py_cyclohexane.xyz 	52.1799370233 

../Molecules/chain_dodecane_fit_aniso_no_charge.xyz 	107.118930123 

../Molecules/chain_ethane_fit_aniso_no_charge.xyz 	20.6978037705 

../Molecules/chain_hexane_fit_aniso_no_charge.xyz 	55.3216453775 

../Molecules/chain_methane_fit_aniso_no_charge.xyz 	11.8520170028 

../Molecules/chain_propane_fit_aniso_no_charge.xyz 	29.4032836218 

../Molecules/BENZENE_picen_fit_aniso_no_charge.xyz 	44.7532962972 

../Molecules/py_Benzene_MOPAC.xyz 	44.7763637881 

../Molecules/py_cyclopropane.xyz 	26.7495824869 

../Molecules/py_cyclopentane.xyz 	43.7661497535 

../Molecules//py_cyclohexane.xyz 	52.1820886009 

../Molecules/chain_dodecane_fit_aniso_no_charge.xyz 	107.122648063 

../Molecules/chain_ethane_fit_aniso_no_charge.xyz 	20.6983319513 

../Molecules/py_cyclopropane.xyz 	103.103657102 

../Molecules/py_cyclopentane.xyz 	79.7375587764 

../Molecules//py_cyclohexane.xyz 	105.452775607 

../Molecules/chain_dodecane_fit_aniso_no_charge.xyz 	1216.35001362 

../Molecules/chain_ethane_fit_aniso_no_charge.xyz 	53.5537130207 

../Molecules/chain_hexane_fit_aniso_no_charge.xyz 	293.807098034 

../Molecules/chain_methane_fit_aniso_no_charge.xyz 	24.9790650352 

../Molecules/chain_propane_fit_aniso_no_charge.xyz 	98.0641693177 

../Molecules/BENZENE_picen_fit_aniso_no_charge.xyz 	134.43194864 

../Molecules/py_Benzene_MOPAC.xyz 	127.36240853 

../Molecules/py_cyclopropane.xyz 	103.347280615 

../Molecules/py_cyclopentane.xyz 	79.781719177 

../Molecules//py_cyclohexane.xyz 	105.536858448 

../Molecules/chain_dodecane_fit_aniso_no_charge.xyz 	1228.42363822 

../Molecules/chain_ethane_fit_aniso_no_charge.xyz 	53.6369324488 

../Molecules/chain_hexane_fit_aniso_no_charge.xyz 	295.303646192 

../Molecules/chain_methane_fit_aniso_no_charge.xyz 	25.0067266498 

../Molecules/chain_propane_fit_aniso_no_charge.xyz 	98.377117341 

../Molecules/BENZENE_picen_fit_aniso_no_charge.xyz 	134.576323523 

../Molecules/py_Benzene_MOPAC.xyz 	127.486385804 

../Molecules/py_cyclopropane.xyz 	102.8594034 

../Molecules/py_cyclopentane.xyz 	79.6931035155 

../Molecules//py_cyclohexane.xyz 	105.368254947 

../Molecules/chain_dodecane_fit_aniso_no_charge.xyz 	1204.439829 

../Molecules/chain_ethane_fit_aniso_no_charge.xyz 	53.4701717103 

../Molecules/chain_hexane_fit_aniso_no_charge.xyz 	292.318639434 

../Molecules/chain_methane_fit_aniso_no_charge.xyz 	24.9512582122 

../Molecules/chain_propane_fit_aniso_no_charge.xyz 	97.7517572476 

../Molecules/BENZENE_picen_fit_aniso_no_charge.xyz 	134.286712035 

../Molecules/py_Benzene_MOPAC.xyz 	127.23766457 

../Molecules/py_cyclopropane.xyz 	103.128048097 

../Molecules/py_cyclopentane.xyz 	79.7419880943 

../Molecules//py_cyclohexane.xyz 	105.461203643 

../Molecules/chain_dodecane_fit_aniso_no_charge.xyz 	1217.5499799 

../Molecules/chain_ethane_fit_aniso_no_charge.xyz 	53.5620495275 

../Molecules/chain_hexane_fit_aniso_no_charge.xyz 	293.956389274 

../Molecules/chain_methane_fit_aniso_no_charge.xyz 	24.9818377495 

../Molecules/chain_propane_fit_aniso_no_charge.xyz 	98.0954403456 

../Molecules/BENZENE_picen_fit_aniso_no_charge.xyz 	134.446424974 

../Molecules/py_Benzene_MOPAC.xyz 	127.374840809 

../Molecules/py_cyclopropane.xyz 	103.079259806 

../Molecules/py_cyclopentane.xyz 	79.7331265098 

../Molecules//py_cyclohexane.xyz 	105.444343194 

../Molecules/chain_dodecane_fit_aniso_no_charge.xyz 	1215.1516817 

../Molecules/chain_ethane_fit_aniso_no_charge.xyz 	53.5453732952 

../Molecules/chain_hexane_fit_aniso_no_charge.xyz 	293.657887691 

../Molecules/chain_methane_fit_aniso_no_charge.xyz 	24.9762908687 

../Molecules/chain_propane_fit_aniso_no_charge.xyz 	98.0329036497 

../Molecules/BENZENE_picen_fit_aniso_no_charge.xyz 	134.417463688 

../Molecules/py_Benzene_MOPAC.xyz 	127.349968584 

../Molecules/py_cyclopropane.xyz 	91.9940975143 

../Molecules/py_cyclopentane.xyz 	77.5115046199 

../Molecules//py_cyclohexane.xyz 	101.363453264 

../Molecules/chain_dodecane_fit_aniso_no_charge.xyz 	816.505083404 

../Molecules/chain_ethane_fit_aniso_no_charge.xyz 	49.6413068504 

../Molecules/chain_hexane_fit_aniso_no_charge.xyz 	236.014728651 

../Molecules/chain_methane_fit_aniso_no_charge.xyz 	23.6352354134 

../Molecules/chain_propane_fit_aniso_no_charge.xyz 	85.0504229767 

../Molecules/BENZENE_picen_fit_aniso_no_charge.xyz 	127.292494951 

../Molecules/py_Benzene_MOPAC.xyz 	121.19843388 

../Molecules/py_cyclopropane.xyz 	87.4900744265 

../Molecules/py_cyclopentane.xyz 	76.4696312071 

../Molecules//py_cyclohexane.xyz 	99.5430659583 

../Molecules/chain_dodecane_fit_aniso_no_charge.xyz 	708.90170808 

../Molecules/chain_ethane_fit_aniso_no_charge.xyz 	47.9855471819 

../Molecules/chain_hexane_fit_aniso_no_charge.xyz 	217.028347445 

../Molecules/chain_methane_fit_aniso_no_charge.xyz 	23.0405942709 

../Molecules/chain_propane_fit_aniso_no_charge.xyz 	80.3565004988 

../Molecules/BENZENE_picen_fit_aniso_no_charge.xyz 	124.053357323 

../Molecules/py_Benzene_MOPAC.xyz 	118.380232746 

../Molecules/py_cyclopropane.xyz 	81.3848826924 

../Molecules/py_cyclopentane.xyz 	74.8892717922 

../Molecules//py_cyclohexane.xyz 	96.8947428878 

../Molecules/chain_dodecane_fit_aniso_no_charge.xyz 	592.04098107 

../Molecules/chain_ethane_fit_aniso_no_charge.xyz 	45.6712709677 

../Molecules/chain_hexane_fit_aniso_no_charge.xyz 	194.161480906 

../Molecules/chain_methane_fit_aniso_no_charge.xyz 	22.1833401861 

../Molecules/chain_propane_fit_aniso_no_charge.xyz 	74.4046925584 

../Molecules/BENZENE_picen_fit_aniso_no_charge.xyz 	119.295204721 

../Molecules/py_Benzene_MOPAC.xyz 	114.215646544 

../Molecules/py_cyclopropane.xyz 	73.605700636 

../Molecules/py_cyclopentane.xyz 	72.3961789211 

../Molecules//py_cyclohexane.xyz 	93.16123233 

../Molecules/chain_dodecane_fit_aniso_no_charge.xyz 	476.529367357 

../Molecules/chain_ethane_fit_aniso_no_charge.xyz 	42.5962802737 

../Molecules/chain_hexane_fit_aniso_no_charge.xyz 	168.702612224 

../Molecules/chain_methane_fit_aniso_no_charge.xyz 	20.9972853357 

../Molecules/chain_propane_fit_aniso_no_charge.xyz 	67.3627892073 

../Molecules/BENZENE_picen_fit_aniso_no_charge.xyz 	112.535603348 

../Molecules/py_Benzene_MOPAC.xyz 	108.248087007 

../Molecules/py_cyclopropane.xyz 	67.100535794 

../Molecules/py_cyclopentane.xyz 	71.17728723 

../Molecules//py_cyclohexane.xyz 	89.6601865422 

../Molecules/chain_dodecane_fit_aniso_no_charge.xyz 	399.787345638 

../Molecules/chain_ethane_fit_aniso_no_charge.xyz 	39.9058269205 

../Molecules/chain_hexane_fit_aniso_no_charge.xyz 	149.812049016 

../Molecules/chain_methane_fit_aniso_no_charge.xyz 	19.9163191481 

../Molecules/chain_propane_fit_aniso_no_charge.xyz 	61.8215652914 

../Molecules/BENZENE_picen_fit_aniso_no_charge.xyz 	106.191836658 

../Molecules/py_Benzene_MOPAC.xyz 	102.591936297 

../Molecules/py_cyclopropane.xyz 	60.478401631 

../Molecules/py_cyclopentane.xyz 	68.1069853374 

../Molecules//py_cyclohexane.xyz 	85.6530503796 

../Molecules/chain_dodecane_fit_aniso_no_charge.xyz 	334.87962919 

../Molecules/chain_ethane_fit_aniso_no_charge.xyz 	37.0439102911 

../Molecules/chain_hexane_fit_aniso_no_charge.xyz 	132.289177041 

../Molecules/chain_methane_fit_aniso_no_charge.xyz 	18.7240818228 

../Molecules/chain_propane_fit_aniso_no_charge.xyz 	56.4040307397 

../Molecules/BENZENE_picen_fit_aniso_no_charge.xyz 	98.9858023185 

../Molecules/py_Benzene_MOPAC.xyz 	96.1008722309 

../Molecules/py_cyclopropane.xyz 	54.0586431507 

../Molecules/py_cyclopentane.xyz 	65.053037467 

../Molecules//py_cyclohexane.xyz 	81.234835581 

../Molecules/chain_dodecane_fit_aniso_no_charge.xyz 	281.504243593 

../Molecules/chain_ethane_fit_aniso_no_charge.xyz 	34.1388418237 

../Molecules/chain_hexane_fit_aniso_no_charge.xyz 	116.578728904 

../Molecules/chain_methane_fit_aniso_no_charge.xyz 	17.4726232398 

../Molecules/chain_propane_fit_aniso_no_charge.xyz 	51.281800415 

../Molecules/BENZENE_picen_fit_aniso_no_charge.xyz 	91.1776560713 

../Molecules/py_Benzene_MOPAC.xyz 	88.9864826664 

../Molecules/py_cyclopropane.xyz 	48.7062952009 

../Molecules/py_cyclopentane.xyz 	62.1127306731 

../Molecules//py_cyclohexane.xyz 	77.0500629367 

../Molecules/chain_dodecane_fit_aniso_no_charge.xyz 	242.581233008 

../Molecules/chain_ethane_fit_aniso_no_charge.xyz 	31.6091566745 

../Molecules/chain_hexane_fit_aniso_no_charge.xyz 	104.229384747 

../Molecules/chain_methane_fit_aniso_no_charge.xyz 	16.3532529688 

../Molecules/chain_propane_fit_aniso_no_charge.xyz 	47.0499675915 

../Molecules/BENZENE_picen_fit_aniso_no_charge.xyz 	83.9725772472 

../Molecules/py_Benzene_MOPAC.xyz 	82.3455062526 

../Molecules/py_cyclopropane.xyz 	44.0580659667 

../Molecules/py_cyclopentane.xyz 	59.1778582385 

../Molecules//py_cyclohexane.xyz 	72.9606412623 

../Molecules/chain_dodecane_fit_aniso_no_charge.xyz 	212.087802164 

../Molecules/chain_ethane_fit_aniso_no_charge.xyz 	29.3266310159 

../Molecules/chain_hexane_fit_aniso_no_charge.xyz 	93.9361351961 

../Molecules/chain_methane_fit_aniso_no_charge.xyz 	15.3241227605 

../Molecules/chain_propane_fit_aniso_no_charge.xyz 	43.3645745362 

../Molecules/BENZENE_picen_fit_aniso_no_charge.xyz 	77.1531872149 

../Molecules/py_Benzene_MOPAC.xyz 	75.9915001337 

../Molecules/py_cyclopropane.xyz 	40.3125299834 

../Molecules/py_cyclopentane.xyz 	56.4977143424 

../Molecules//py_cyclohexane.xyz 	69.2961689277 

../Molecules/chain_dodecane_fit_aniso_no_charge.xyz 	189.379468826 

../Molecules/chain_ethane_fit_aniso_no_charge.xyz 	27.4264605935 

../Molecules/chain_hexane_fit_aniso_no_charge.xyz 	85.869875336 

../Molecules/chain_methane_fit_aniso_no_charge.xyz 	14.4575754767 

../Molecules/chain_propane_fit_aniso_no_charge.xyz 	40.3657715932 

../Molecules/BENZENE_picen_fit_aniso_no_charge.xyz 	71.2533999521 

../Molecules/py_Benzene_MOPAC.xyz 	70.4396061673 

../Molecules/py_cyclopropane.xyz 	37.4255656477 

../Molecules/py_cyclopentane.xyz 	54.2052473933 

../Molecules//py_cyclohexane.xyz 	66.2090675786 

../Molecules/chain_dodecane_fit_aniso_no_charge.xyz 	172.842888706 

../Molecules/chain_ethane_fit_aniso_no_charge.xyz 	25.9239653608 

../Molecules/chain_hexane_fit_aniso_no_charge.xyz 	79.7594233481 

../Molecules/chain_methane_fit_aniso_no_charge.xyz 	13.7691616831 

../Molecules/chain_propane_fit_aniso_no_charge.xyz 	38.0256137001 

../Molecules/BENZENE_picen_fit_aniso_no_charge.xyz 	66.4501004446 

../Molecules/py_Benzene_MOPAC.xyz 	65.8814054781 

../Molecules/py_cyclopropane.xyz 	35.234940255 

../Molecules/py_cyclopentane.xyz 	52.3149400555 

../Molecules//py_cyclohexane.xyz 	63.6933565478 

../Molecules/chain_dodecane_fit_aniso_no_charge.xyz 	160.780762546 

../Molecules/chain_ethane_fit_aniso_no_charge.xyz 	24.7621244022 

../Molecules/chain_hexane_fit_aniso_no_charge.xyz 	75.1690317413 

../Molecules/chain_methane_fit_aniso_no_charge.xyz 	13.2370320595 

../Molecules/chain_propane_fit_aniso_no_charge.xyz 	36.2283643267 

../Molecules/BENZENE_picen_fit_aniso_no_charge.xyz 	62.6539014035 

../Molecules/py_Benzene_MOPAC.xyz 	62.2543149906 

../Molecules/py_cyclopropane.xyz 	33.622914671 

../Molecules/py_cyclopentane.xyz 	50.8312142843 

../Molecules//py_cyclohexane.xyz 	61.7363697696 

../Molecules/chain_dodecane_fit_aniso_no_charge.xyz 	152.137961238 

../Molecules/chain_ethane_fit_aniso_no_charge.xyz 	23.8957005118 

../Molecules/chain_hexane_fit_aniso_no_charge.xyz 	71.808801159 

../Molecules/chain_methane_fit_aniso_no_charge.xyz 	12.8416901562 

../Molecules/chain_propane_fit_aniso_no_charge.xyz 	34.892071418 

../Molecules/BENZENE_picen_fit_aniso_no_charge.xyz 	59.7761369986 

../Molecules/py_Benzene_MOPAC.xyz 	59.4900603664 

../Molecules/py_cyclopropane.xyz 	32.466005064 

../Molecules/py_cyclopentane.xyz 	49.7134998787 

../Molecules//py_cyclohexane.xyz 	60.2719162127 

../Molecules/chain_dodecane_fit_aniso_no_charge.xyz 	146.041659304 

../Molecules/chain_ethane_fit_aniso_no_charge.xyz 	23.2683437729 

../Molecules/chain_hexane_fit_aniso_no_charge.xyz 	69.4028067191 

../Molecules/chain_methane_fit_aniso_no_charge.xyz 	12.557012708 

../Molecules/chain_propane_fit_aniso_no_charge.xyz 	33.9252272516 

../Molecules/BENZENE_picen_fit_aniso_no_charge.xyz 	57.6664986815 

../Molecules/py_Benzene_MOPAC.xyz 	57.4554794416 

../Molecules/py_cyclopropane.xyz 	32.466457839 

../Molecules/py_cyclopentane.xyz 	49.7139464237 

../Molecules//py_cyclohexane.xyz 	60.2724996462 

../Molecules/chain_dodecane_fit_aniso_no_charge.xyz 	146.044029457 

../Molecules/chain_ethane_fit_aniso_no_charge.xyz 	23.2685901436 

../Molecules/chain_hexane_fit_aniso_no_charge.xyz 	69.4037478429 

../Molecules/chain_methane_fit_aniso_no_charge.xyz 	12.5571241479 

../Molecules/chain_propane_fit_aniso_no_charge.xyz 	33.9256069702 

../Molecules/BENZENE_picen_fit_aniso_no_charge.xyz 	57.6673316155 

../Molecules/py_Benzene_MOPAC.xyz 	57.4562841152 

../Molecules/py_cyclopropane.xyz 	32.4655523192 

../Molecules/py_cyclopentane.xyz 	49.7130533562 

../Molecules//py_cyclohexane.xyz 	60.2713328099 

../Molecules/chain_dodecane_fit_aniso_no_charge.xyz 	146.039289321 

../Molecules/chain_ethane_fit_aniso_no_charge.xyz 	23.268097418 

../Molecules/chain_hexane_fit_aniso_no_charge.xyz 	69.4018656581 

../Molecules/chain_methane_fit_aniso_no_charge.xyz 	12.5569012755 

../Molecules/chain_propane_fit_aniso_no_charge.xyz 	33.9248475573 

../Molecules/BENZENE_picen_fit_aniso_no_charge.xyz 	57.6656657973 

../Molecules/py_Benzene_MOPAC.xyz 	57.454674815 

../Molecules/py_cyclopropane.xyz 	32.4694785582 

../Molecules/py_cyclopentane.xyz 	49.7169253921 

../Molecules//py_cyclohexane.xyz 	60.2763918513 

../Molecules/chain_dodecane_fit_aniso_no_charge.xyz 	146.059842393 

../Molecules/chain_ethane_fit_aniso_no_charge.xyz 	23.2702338059 

../Molecules/chain_hexane_fit_aniso_no_charge.xyz 	69.4100266208 

../Molecules/chain_methane_fit_aniso_no_charge.xyz 	12.5578676279 

../Molecules/chain_propane_fit_aniso_no_charge.xyz 	33.9281402617 

../Molecules/BENZENE_picen_fit_aniso_no_charge.xyz 	57.6728884445 

../Molecules/py_Benzene_MOPAC.xyz 	57.4616523799 

../Molecules/py_cyclopropane.xyz 	32.4625333432 

../Molecules/py_cyclopentane.xyz 	49.7100756849 

../Molecules//py_cyclohexane.xyz 	60.2674423747 

../Molecules/chain_dodecane_fit_aniso_no_charge.xyz 	146.023486187 

../Molecules/chain_ethane_fit_aniso_no_charge.xyz 	23.2664546675 

../Molecules/chain_hexane_fit_aniso_no_charge.xyz 	69.3955905176 

../Molecules/chain_methane_fit_aniso_no_charge.xyz 	12.5561582263 

../Molecules/chain_propane_fit_aniso_no_charge.xyz 	33.9223156668 

../Molecules/BENZENE_picen_fit_aniso_no_charge.xyz 	57.6601118437 

../Molecules/py_Benzene_MOPAC.xyz 	57.4493092651 

../Molecules/py_cyclopropane.xyz 	32.4560104352 

../Molecules/py_cyclopentane.xyz 	49.7036409128 

../Molecules//py_cyclohexane.xyz 	60.2590353094 

../Molecules/chain_dodecane_fit_aniso_no_charge.xyz 	145.989343144 

../Molecules/chain_ethane_fit_aniso_no_charge.xyz 	23.2629051853 

../Molecules/chain_hexane_fit_aniso_no_charge.xyz 	69.3820322593 

../Molecules/chain_methane_fit_aniso_no_charge.xyz 	12.5545527722 

../Molecules/chain_propane_fit_aniso_no_charge.xyz 	33.9168450131 

../Molecules/BENZENE_picen_fit_aniso_no_charge.xyz 	57.6481109017 

../Molecules/py_Benzene_MOPAC.xyz 	57.4377152588 

../Molecules/py_cyclopropane.xyz 	32.4161787467 

../Molecules/py_cyclopentane.xyz 	49.6643145013 

../Molecules//py_cyclohexane.xyz 	60.2076609947 

../Molecules/chain_dodecane_fit_aniso_no_charge.xyz 	145.780903569 

../Molecules/chain_ethane_fit_aniso_no_charge.xyz 	23.2412276618 

../Molecules/chain_hexane_fit_aniso_no_charge.xyz 	69.2992407276 

../Molecules/chain_methane_fit_aniso_no_charge.xyz 	12.5447493266 

../Molecules/chain_propane_fit_aniso_no_charge.xyz 	33.8834340887 

../Molecules/BENZENE_picen_fit_aniso_no_charge.xyz 	57.5748021537 

../Molecules/py_Benzene_MOPAC.xyz 	57.3668873946 

../Molecules/py_cyclopropane.xyz 	32.3176222199 

../Molecules/py_cyclopentane.xyz 	49.5667642942 

../Molecules//py_cyclohexane.xyz 	60.08026907 

../Molecules/chain_dodecane_fit_aniso_no_charge.xyz 	145.265541981 

../Molecules/chain_ethane_fit_aniso_no_charge.xyz 	23.187569469 

../Molecules/chain_hexane_fit_aniso_no_charge.xyz 	69.0943945972 

../Molecules/chain_methane_fit_aniso_no_charge.xyz 	12.5204937625 

../Molecules/chain_propane_fit_aniso_no_charge.xyz 	33.8007294436 

../Molecules/BENZENE_picen_fit_aniso_no_charge.xyz 	57.3932216632 

../Molecules/py_Benzene_MOPAC.xyz 	57.1914154615 

../Molecules/py_cyclopropane.xyz 	32.0305918087 

../Molecules/py_cyclopentane.xyz 	49.2806677149 

../Molecules//py_cyclohexane.xyz 	59.7070081797 

../Molecules/chain_dodecane_fit_aniso_no_charge.xyz 	143.767694799 

../Molecules/chain_ethane_fit_aniso_no_charge.xyz 	23.0311313382 

../Molecules/chain_hexane_fit_aniso_no_charge.xyz 	68.4978524587 

../Molecules/chain_methane_fit_aniso_no_charge.xyz 	12.4498699773 

../Molecules/chain_propane_fit_aniso_no_charge.xyz 	33.5595784608 

../Molecules/BENZENE_picen_fit_aniso_no_charge.xyz 	56.862845502 

../Molecules/py_Benzene_MOPAC.xyz 	56.6785837157 

../Molecules/py_cyclopropane.xyz 	31.2439789369 

../Molecules/py_cyclopentane.xyz 	48.4809818762 

../Molecules//py_cyclohexane.xyz 	58.6664770774 

../Molecules/chain_dodecane_fit_aniso_no_charge.xyz 	139.684686221 

../Molecules/chain_ethane_fit_aniso_no_charge.xyz 	22.6012065855 

../Molecules/chain_hexane_fit_aniso_no_charge.xyz 	66.8629425593 

../Molecules/chain_methane_fit_aniso_no_charge.xyz 	12.2565878771 

../Molecules/chain_propane_fit_aniso_no_charge.xyz 	32.8964873871 

../Molecules/BENZENE_picen_fit_aniso_no_charge.xyz 	55.3974268521 

../Molecules/py_Benzene_MOPAC.xyz 	55.259332995 

../Molecules/py_cyclopropane.xyz 	30.8701602709 

../Molecules/py_cyclopentane.xyz 	48.0926525658 

../Molecules//py_cyclohexane.xyz 	58.1626633148 

../Molecules/chain_dodecane_fit_aniso_no_charge.xyz 	137.754523643 

../Molecules/chain_ethane_fit_aniso_no_charge.xyz 	22.3963308963 

../Molecules/chain_hexane_fit_aniso_no_charge.xyz 	66.0856860664 

../Molecules/chain_methane_fit_aniso_no_charge.xyz 	12.1649695437 

../Molecules/chain_propane_fit_aniso_no_charge.xyz 	32.5802206943 

../Molecules/BENZENE_picen_fit_aniso_no_charge.xyz 	54.6948440693 

../Molecules/py_Benzene_MOPAC.xyz 	54.5776684746 

../Molecules/py_cyclopropane.xyz 	30.6967269622 

../Molecules/py_cyclopentane.xyz 	47.9106126598 

../Molecules//py_cyclohexane.xyz 	57.9268154018 

../Molecules/chain_dodecane_fit_aniso_no_charge.xyz 	136.861017358 

../Molecules/chain_ethane_fit_aniso_no_charge.xyz 	22.3011679352 

../Molecules/chain_hexane_fit_aniso_no_charge.xyz 	65.7249501391 

../Molecules/chain_methane_fit_aniso_no_charge.xyz 	12.1225374396 

../Molecules/chain_propane_fit_aniso_no_charge.xyz 	32.4332353569 

../Molecules/BENZENE_picen_fit_aniso_no_charge.xyz 	54.3675131025 

../Molecules/py_Benzene_MOPAC.xyz 	54.2598128466 

../Molecules/py_cyclopropane.xyz 	30.6054593166 

../Molecules/py_cyclopentane.xyz 	47.81433103 

../Molecules//py_cyclohexane.xyz 	57.802158994 

../Molecules/chain_dodecane_fit_aniso_no_charge.xyz 	136.391293579 

../Molecules/chain_ethane_fit_aniso_no_charge.xyz 	22.2510629043 

../Molecules/chain_hexane_fit_aniso_no_charge.xyz 	65.53507554 

../Molecules/chain_methane_fit_aniso_no_charge.xyz 	12.1002300358 

../Molecules/chain_propane_fit_aniso_no_charge.xyz 	32.3558210761 

../Molecules/BENZENE_picen_fit_aniso_no_charge.xyz 	54.1949077862 

../Molecules/py_Benzene_MOPAC.xyz 	54.0921344853 

../Molecules/py_cyclopropane.xyz 	30.6078596999 

../Molecules/py_cyclopentane.xyz 	47.8168675937 

../Molecules//py_cyclohexane.xyz 	57.8054423496 

../Molecules/chain_dodecane_fit_aniso_no_charge.xyz 	136.403643465 

../Molecules/chain_ethane_fit_aniso_no_charge.xyz 	22.2523809172 

../Molecules/chain_hexane_fit_aniso_no_charge.xyz 	65.5400697249 

../Molecules/chain_methane_fit_aniso_no_charge.xyz 	12.100816524 

../Molecules/chain_propane_fit_aniso_no_charge.xyz 	32.3578576803 

../Molecules/BENZENE_picen_fit_aniso_no_charge.xyz 	54.1994504939 

../Molecules/py_Benzene_MOPAC.xyz 	54.096548139 

../Molecules/py_cyclopropane.xyz 	30.6030602784 

../Molecules/py_cyclopentane.xyz 	47.8117956546 

../Molecules//py_cyclohexane.xyz 	57.7988772169 

../Molecules/chain_dodecane_fit_aniso_no_charge.xyz 	136.378950831 

../Molecules/chain_ethane_fit_aniso_no_charge.xyz 	22.2497456179 

../Molecules/chain_hexane_fit_aniso_no_charge.xyz 	65.5300841319 

../Molecules/chain_methane_fit_aniso_no_charge.xyz 	12.0996438877 

../Molecules/chain_propane_fit_aniso_no_charge.xyz 	32.3537855824 

../Molecules/BENZENE_picen_fit_aniso_no_charge.xyz 	54.1903674564 

../Molecules/py_Benzene_MOPAC.xyz 	54.0877231086 

../Molecules/py_cyclopropane.xyz 	30.6092561249 

../Molecules/py_cyclopentane.xyz 	47.8183431344 

../Molecules//py_cyclohexane.xyz 	57.8073523241 

../Molecules/chain_dodecane_fit_aniso_no_charge.xyz 	136.410828122 

../Molecules/chain_ethane_fit_aniso_no_charge.xyz 	22.2531476668 

../Molecules/chain_hexane_fit_aniso_no_charge.xyz 	65.5429750863 

../Molecules/chain_methane_fit_aniso_no_charge.xyz 	12.1011577192 

../Molecules/chain_propane_fit_aniso_no_charge.xyz 	32.3590424623 

../Molecules/BENZENE_picen_fit_aniso_no_charge.xyz 	54.2020931408 

../Molecules/py_Benzene_MOPAC.xyz 	54.0991156955 

../Molecules/py_cyclopropane.xyz 	30.6016658726 

../Molecules/py_cyclopentane.xyz 	47.8103218974 

../Molecules//py_cyclohexane.xyz 	57.7969696119 

../Molecules/chain_dodecane_fit_aniso_no_charge.xyz 	136.371776889 

../Molecules/chain_ethane_fit_aniso_no_charge.xyz 	22.2489799589 

../Molecules/chain_hexane_fit_aniso_no_charge.xyz 	65.5271829388 

../Molecules/chain_methane_fit_aniso_no_charge.xyz 	12.099303203 

../Molecules/chain_propane_fit_aniso_no_charge.xyz 	32.3526024672 

../Molecules/BENZENE_picen_fit_aniso_no_charge.xyz 	54.1877283789 

../Molecules/py_Benzene_MOPAC.xyz 	54.0851589702 

../Molecules/py_cyclopropane.xyz 	30.6054593166 

../Molecules/py_cyclopentane.xyz 	47.81433103 

../Molecules//py_cyclohexane.xyz 	57.802158994 

../Molecules/chain_dodecane_fit_aniso_no_charge.xyz 	136.391293579 

../Molecules/chain_ethane_fit_aniso_no_charge.xyz 	22.2510629043 

../Molecules/chain_hexane_fit_aniso_no_charge.xyz 	65.53507554 

../Molecules/chain_methane_fit_aniso_no_charge.xyz 	12.1002300358 

../Molecules/chain_propane_fit_aniso_no_charge.xyz 	32.3558210761 

../Molecules/BENZENE_picen_fit_aniso_no_charge.xyz 	54.1949077862 

../Molecules/py_Benzene_MOPAC.xyz 	54.0921344853 

../Molecules/py_cyclopropane.xyz 	30.6092561249 

../Molecules/py_cyclopentane.xyz 	47.8183431344 

../Molecules//py_cyclohexane.xyz 	57.8073523241 

../Molecules/chain_dodecane_fit_aniso_no_charge.xyz 	136.410828122 

../Molecules/chain_ethane_fit_aniso_no_charge.xyz 	22.2531476668 

../Molecules/chain_hexane_fit_aniso_no_charge.xyz 	65.5429750863 

../Molecules/chain_methane_fit_aniso_no_charge.xyz 	12.1011577192 

../Molecules/chain_propane_fit_aniso_no_charge.xyz 	32.3590424623 

../Molecules/BENZENE_picen_fit_aniso_no_charge.xyz 	54.2020931408 

../Molecules/py_Benzene_MOPAC.xyz 	54.0991156955 

../Molecules/py_cyclopropane.xyz 	30.6016658726 

../Molecules/py_cyclopentane.xyz 	47.8103218974 

../Molecules//py_cyclohexane.xyz 	57.7969696119 

../Molecules/chain_dodecane_fit_aniso_no_charge.xyz 	136.371776889 

../Molecules/chain_ethane_fit_aniso_no_charge.xyz 	22.2489799589 

../Molecules/chain_hexane_fit_aniso_no_charge.xyz 	65.5271829388 

../Molecules/chain_methane_fit_aniso_no_charge.xyz 	12.099303203 

../Molecules/chain_propane_fit_aniso_no_charge.xyz 	32.3526024672 

../Molecules/BENZENE_picen_fit_aniso_no_charge.xyz 	54.1877283789 

../Molecules/py_Benzene_MOPAC.xyz 	54.0851589702 

../Molecules/py_cyclopropane.xyz 	30.6062184091 

../Molecules/py_cyclopentane.xyz 	47.8151332132 

../Molecules//py_cyclohexane.xyz 	57.8031973442 

../Molecules/chain_dodecane_fit_aniso_no_charge.xyz 	136.395199059 

../Molecules/chain_ethane_fit_aniso_no_charge.xyz 	22.2514797114 

../Molecules/chain_hexane_fit_aniso_no_charge.xyz 	65.5366548935 

../Molecules/chain_methane_fit_aniso_no_charge.xyz 	12.1004155044 

../Molecules/chain_propane_fit_aniso_no_charge.xyz 	32.3564651311 

../Molecules/BENZENE_picen_fit_aniso_no_charge.xyz 	54.1963443813 

../Molecules/py_Benzene_MOPAC.xyz 	54.0935302717 

../Molecules/py_cyclopropane.xyz 	30.6047003587 

../Molecules/py_cyclopentane.xyz 	47.8135289658 

../Molecules//py_cyclohexane.xyz 	57.8011208018 

../Molecules/chain_dodecane_fit_aniso_no_charge.xyz 	136.387388813 

../Molecules/chain_ethane_fit_aniso_no_charge.xyz 	22.2506461699 

../Molecules/chain_hexane_fit_aniso_no_charge.xyz 	65.5334964643 

../Molecules/chain_methane_fit_aniso_no_charge.xyz 	12.1000446012 

../Molecules/chain_propane_fit_aniso_no_charge.xyz 	32.3551771322 

../Molecules/BENZENE_picen_fit_aniso_no_charge.xyz 	54.1934714291 

../Molecules/py_Benzene_MOPAC.xyz 	54.0907389268 

../Molecules/py_cyclopropane.xyz 	30.576448105 

../Molecules/py_cyclopentane.xyz 	47.7836554601 

../Molecules//py_cyclohexane.xyz 	57.7624554094 

../Molecules/chain_dodecane_fit_aniso_no_charge.xyz 	136.242049106 

../Molecules/chain_ethane_fit_aniso_no_charge.xyz 	22.2351323488 

../Molecules/chain_hexane_fit_aniso_no_charge.xyz 	65.4747137124 

../Molecules/chain_methane_fit_aniso_no_charge.xyz 	12.0931426067 

../Molecules/chain_propane_fit_aniso_no_charge.xyz 	32.3312040852 

../Molecules/BENZENE_picen_fit_aniso_no_charge.xyz 	54.1399909989 

../Molecules/py_Benzene_MOPAC.xyz 	54.0387751953 

../Molecules/py_cyclopropane.xyz 	30.5802191273 

../Molecules/py_cyclopentane.xyz 	47.7876447547 

../Molecules//py_cyclohexane.xyz 	57.7676184438 

../Molecules/chain_dodecane_fit_aniso_no_charge.xyz 	136.261446861 

../Molecules/chain_ethane_fit_aniso_no_charge.xyz 	22.2372031813 

../Molecules/chain_hexane_fit_aniso_no_charge.xyz 	65.4825600272 

../Molecules/chain_methane_fit_aniso_no_charge.xyz 	12.0940637705 

../Molecules/chain_propane_fit_aniso_no_charge.xyz 	32.3344041797 

../Molecules/BENZENE_picen_fit_aniso_no_charge.xyz 	54.1471307452 

../Molecules/py_Benzene_MOPAC.xyz 	54.0457127264 

../Molecules/py_cyclopropane.xyz 	30.572680433 

../Molecules/py_cyclopentane.xyz 	47.7796691331 

../Molecules//py_cyclohexane.xyz 	57.7572963159 

../Molecules/chain_dodecane_fit_aniso_no_charge.xyz 	136.222669116 

../Molecules/chain_ethane_fit_aniso_no_charge.xyz 	22.2330633267 

../Molecules/chain_hexane_fit_aniso_no_charge.xyz 	65.4668743136 

../Molecules/chain_methane_fit_aniso_no_charge.xyz 	12.0922222901 

../Molecules/chain_propane_fit_aniso_no_charge.xyz 	32.3280067577 

../Molecules/BENZENE_picen_fit_aniso_no_charge.xyz 	54.1328571816 

../Molecules/py_Benzene_MOPAC.xyz 	54.031843343 

../Molecules/py_cyclopropane.xyz 	37.0307770882 

../Molecules/py_cyclopentane.xyz 	60.0455439036 

../Molecules//py_cyclohexane.xyz 	71.7803880274 

../Molecules/chain_dodecane_fit_aniso_no_charge.xyz 	161.057572378 

../Molecules/chain_ethane_fit_aniso_no_charge.xyz 	29.1913163505 

../Molecules/chain_hexane_fit_aniso_no_charge.xyz 	79.9912315047 

../Molecules/chain_methane_fit_aniso_no_charge.xyz 	16.9346868871 

../Molecules/chain_propane_fit_aniso_no_charge.xyz 	41.3526900653 

../Molecules/BENZENE_picen_fit_aniso_no_charge.xyz 	61.2963495839 

../Molecules/py_Benzene_MOPAC.xyz 	61.4619930679 

../Molecules/py_cyclopropane.xyz 	28.3255849993 

../Molecules/py_cyclopentane.xyz 	45.2922235272 

../Molecules//py_cyclohexane.xyz 	54.5573599239 

../Molecules/chain_dodecane_fit_aniso_no_charge.xyz 	124.726296845 

../Molecules/chain_ethane_fit_aniso_no_charge.xyz 	20.9957961203 

../Molecules/chain_hexane_fit_aniso_no_charge.xyz 	60.7729989795 

../Molecules/chain_methane_fit_aniso_no_charge.xyz 	11.5518633522 

../Molecules/chain_propane_fit_aniso_no_charge.xyz 	30.407606065 

../Molecules/BENZENE_picen_fit_aniso_no_charge.xyz 	49.8010322231 

../Molecules/py_Benzene_MOPAC.xyz 	49.8071969709 

../Molecules/py_cyclopropane.xyz 	28.3255849993 

../Molecules/py_cyclopentane.xyz 	45.2922235272 

../Molecules//py_cyclohexane.xyz 	54.5573599239 

../Molecules/chain_dodecane_fit_aniso_no_charge.xyz 	124.726296845 

../Molecules/chain_ethane_fit_aniso_no_charge.xyz 	20.9957961203 

../Molecules/chain_hexane_fit_aniso_no_charge.xyz 	60.7729989795 

../Molecules/chain_methane_fit_aniso_no_charge.xyz 	11.5518633522 

../Molecules/chain_propane_fit_aniso_no_charge.xyz 	30.407606065 

../Molecules/BENZENE_picen_fit_aniso_no_charge.xyz 	49.8010322231 

../Molecules/py_Benzene_MOPAC.xyz 	49.8071969709 

../Molecules/py_cyclopropane.xyz 	28.3255849993 

../Molecules/py_cyclopentane.xyz 	45.2922235272 

../Molecules//py_cyclohexane.xyz 	54.5573599239 

../Molecules/chain_dodecane_fit_aniso_no_charge.xyz 	124.726296845 

../Molecules/chain_ethane_fit_aniso_no_charge.xyz 	20.9957961203 

../Molecules/chain_hexane_fit_aniso_no_charge.xyz 	60.7729989795 

../Molecules/chain_methane_fit_aniso_no_charge.xyz 	11.5518633522 

../Molecules/chain_propane_fit_aniso_no_charge.xyz 	30.407606065 

../Molecules/BENZENE_picen_fit_aniso_no_charge.xyz 	49.8010322231 

../Molecules/py_Benzene_MOPAC.xyz 	49.8071969709 

../Molecules/py_Benzene_MOPAC.xyz 	61.4619930679 

../Molecules/py_Benzene_MOPAC.xyz 	627.508941113 

../Molecules/py_Benzene_MOPAC.xyz 	627.508941113 

../Molecules/py_Benzene_MOPAC.xyz 	127.36240853 

../Molecules/py_Benzene_MOPAC.xyz 	127.475845313 

../Molecules/py_Benzene_MOPAC.xyz 	127.248330225 

../Molecules/py_Benzene_MOPAC.xyz 	127.386625693 

../Molecules/py_Benzene_MOPAC.xyz 	127.338162259 

../Molecules/py_Benzene_MOPAC.xyz 	127.338162259 

../Molecules/py_Benzene_MOPAC.xyz 	127.24088655 

../Molecules/py_Benzene_MOPAC.xyz 	126.99567095 

../Molecules/py_Benzene_MOPAC.xyz 	126.242861773 

../Molecules/py_Benzene_MOPAC.xyz 	123.835732332 

../Molecules/py_Benzene_MOPAC.xyz 	115.453140498 

../Molecules/py_Benzene_MOPAC.xyz 	93.6505116937 

../Molecules/py_Benzene_MOPAC.xyz 	93.674448124 

../Molecules/py_Benzene_MOPAC.xyz 	93.6265774068 

../Molecules/py_Benzene_MOPAC.xyz 	65.4850535744 

../Molecules/py_Benzene_MOPAC.xyz 	64.0840485803 

../Molecules/py_Benzene_MOPAC.xyz 	60.9359115773 

../Molecules/py_Benzene_MOPAC.xyz 	58.3154643688 

../Molecules/py_Benzene_MOPAC.xyz 	57.2557853672 

../Molecules/py_Benzene_MOPAC.xyz 	57.2622277835 

../Molecules/py_Benzene_MOPAC.xyz 	57.2493460294 

../Molecules/py_Benzene_MOPAC.xyz 	57.2713118014 

../Molecules/py_Benzene_MOPAC.xyz 	57.2402768018 

../Molecules/py_Benzene_MOPAC.xyz 	56.9638936244 

../Molecules/py_Benzene_MOPAC.xyz 	56.137624807 

../Molecules/py_Benzene_MOPAC.xyz 	56.0610305438 

../Molecules/py_Benzene_MOPAC.xyz 	56.0751410406 

../Molecules/py_Benzene_MOPAC.xyz 	56.0469400315 

../Molecules/py_Benzene_MOPAC.xyz 	56.0610305438 

../Molecules/py_Benzene_MOPAC.xyz 	56.0751410406 

../Molecules/py_Benzene_MOPAC.xyz 	56.0469400315 

../Molecules/py_Benzene_MOPAC.xyz 	56.0638509758 

../Molecules/py_Benzene_MOPAC.xyz 	56.0582109049 

../Molecules/py_cyclopropane.xyz 	103.103657102 

../Molecules/py_cyclopentane.xyz 	79.7375587764 

../Molecules//py_cyclohexane.xyz 	105.452775607 

../Molecules/chain_dodecane_fit_aniso_no_charge.xyz 	1216.35001362 

../Molecules/chain_ethane_fit_aniso_no_charge.xyz 	53.5537130207 

../Molecules/chain_hexane_fit_aniso_no_charge.xyz 	293.807098034 

../Molecules/chain_methane_fit_aniso_no_charge.xyz 	24.9790650352 

../Molecules/chain_propane_fit_aniso_no_charge.xyz 	98.0641693177 

../Molecules/BENZENE_picen_fit_aniso_no_charge.xyz 	134.43194864 

../Molecules/py_Benzene_MOPAC.xyz 	127.36240853 

../Molecules/py_cyclopropane.xyz 	103.103657102 

../Molecules/py_cyclopentane.xyz 	79.7375587764 

../Molecules//py_cyclohexane.xyz 	105.452775607 

../Molecules/chain_dodecane_fit_aniso_no_charge.xyz 	1216.35001362 

../Molecules/chain_ethane_fit_aniso_no_charge.xyz 	53.5537130207 

../Molecules/chain_hexane_fit_aniso_no_charge.xyz 	293.807098034 

../Molecules/chain_methane_fit_aniso_no_charge.xyz 	24.9790650352 

../Molecules/chain_propane_fit_aniso_no_charge.xyz 	98.0641693177 

../Molecules/BENZENE_picen_fit_aniso_no_charge.xyz 	134.43194864 

../Molecules/py_Benzene_MOPAC.xyz 	127.36240853 

../Molecules/py_cyclopropane.xyz 	103.103657102 

../Molecules/py_cyclopentane.xyz 	79.7375587764 

../Molecules//py_cyclohexane.xyz 	105.452775607 

../Molecules/chain_dodecane_fit_aniso_no_charge.xyz 	1216.35001362 

../Molecules/chain_ethane_fit_aniso_no_charge.xyz 	53.5537130207 

../Molecules/chain_hexane_fit_aniso_no_charge.xyz 	293.807098034 

../Molecules/chain_methane_fit_aniso_no_charge.xyz 	24.9790650352 

../Molecules/chain_propane_fit_aniso_no_charge.xyz 	98.0641693177 

../Molecules/BENZENE_picen_fit_aniso_no_charge.xyz 	134.43194864 

../Molecules/py_Benzene_MOPAC.xyz 	127.36240853 

../Molecules/py_cyclopropane.xyz 	103.103657102 

../Molecules/py_cyclopentane.xyz 	79.7375587764 

../Molecules//py_cyclohexane.xyz 	105.452775607 

../Molecules/chain_dodecane_fit_aniso_no_charge.xyz 	1216.35001362 

../Molecules/chain_ethane_fit_aniso_no_charge.xyz 	53.5537130207 

../Molecules/chain_hexane_fit_aniso_no_charge.xyz 	293.807098034 

../Molecules/chain_methane_fit_aniso_no_charge.xyz 	24.9790650352 

../Molecules/chain_propane_fit_aniso_no_charge.xyz 	98.0641693177 

../Molecules/BENZENE_picen_fit_aniso_no_charge.xyz 	134.43194864 

../Molecules/py_Benzene_MOPAC.xyz 	127.36240853 

../Molecules/py_cyclopropane.xyz 	103.103657102 

../Molecules/py_cyclopentane.xyz 	79.7375587764 

../Molecules//py_cyclohexane.xyz 	105.452775607 

../Molecules/chain_dodecane_fit_aniso_no_charge.xyz 	1216.35001362 

../Molecules/chain_ethane_fit_aniso_no_charge.xyz 	53.5537130207 

../Molecules/chain_hexane_fit_aniso_no_charge.xyz 	293.807098034 

../Molecules/chain_methane_fit_aniso_no_charge.xyz 	24.9790650352 

../Molecules/chain_propane_fit_aniso_no_charge.xyz 	98.0641693177 

../Molecules/BENZENE_picen_fit_aniso_no_charge.xyz 	134.43194864 

../Molecules/py_Benzene_MOPAC.xyz 	127.36240853 

../Molecules/py_cyclopropane.xyz 	103.103657102 

../Molecules/py_cyclopentane.xyz 	79.7375587764 

../Molecules//py_cyclohexane.xyz 	105.452775607 

../Molecules/chain_dodecane_fit_aniso_no_charge.xyz 	1216.35001362 

../Molecules/chain_ethane_fit_aniso_no_charge.xyz 	53.5537130207 

../Molecules/chain_hexane_fit_aniso_no_charge.xyz 	293.807098034 

../Molecules/chain_methane_fit_aniso_no_charge.xyz 	24.9790650352 

../Molecules/chain_propane_fit_aniso_no_charge.xyz 	98.0641693177 

../Molecules/BENZENE_picen_fit_aniso_no_charge.xyz 	134.43194864 

../Molecules/py_Benzene_MOPAC.xyz 	127.36240853 

../Molecules/py_cyclopropane.xyz 	103.103657102 

../Molecules/py_cyclopentane.xyz 	79.7375587764 

../Molecules//py_cyclohexane.xyz 	105.452775607 

../Molecules/chain_dodecane_fit_aniso_no_charge.xyz 	1216.35001362 

../Molecules/chain_ethane_fit_aniso_no_charge.xyz 	53.5537130207 

../Molecules/chain_hexane_fit_aniso_no_charge.xyz 	293.807098034 

../Molecules/chain_methane_fit_aniso_no_charge.xyz 	24.9790650352 

../Molecules/chain_propane_fit_aniso_no_charge.xyz 	98.0641693177 

../Molecules/BENZENE_picen_fit_aniso_no_charge.xyz 	134.43194864 

../Molecules/py_Benzene_MOPAC.xyz 	127.36240853 

../Molecules/py_cyclopropane.xyz 	103.103657102 

../Molecules/py_cyclopentane.xyz 	79.7375587764 

../Molecules//py_cyclohexane.xyz 	105.452775607 

../Molecules/chain_dodecane_fit_aniso_no_charge.xyz 	1216.3499692 

../Molecules/chain_ethane_fit_aniso_no_charge.xyz 	53.5537111292 

../Molecules/chain_hexane_fit_aniso_no_charge.xyz 	293.807086628 

../Molecules/chain_methane_fit_aniso_no_charge.xyz 	24.979258645 

../Molecules/chain_propane_fit_aniso_no_charge.xyz 	98.0641652971 

../Molecules/BENZENE_picen_fit_aniso_no_charge.xyz 	134.431945944 

../Molecules/py_Benzene_MOPAC.xyz 	127.36240853 

../Molecules/py_cyclopropane.xyz 	49.3799903467 

../Molecules/py_cyclopentane.xyz 	-90.3835428037 

../Molecules//py_cyclohexane.xyz 	15.5664174103 

../Molecules/chain_dodecane_fit_aniso_no_charge.xyz 	1374.2562243 

../Molecules/chain_ethane_fit_aniso_no_charge.xyz 	261.305599279 

../Molecules/chain_hexane_fit_aniso_no_charge.xyz 	1625.01114801 

../Molecules/chain_methane_fit_aniso_no_charge.xyz 	-37882.7518993 

../Molecules/chain_propane_fit_aniso_no_charge.xyz 	61.7037207042 

../Molecules/BENZENE_picen_fit_aniso_no_charge.xyz 	21.5626370758 

../Molecules/py_Benzene_MOPAC.xyz 	22.1058749069 

../Molecules/py_cyclopropane.xyz 	9.75129517378 

../Molecules/py_cyclopentane.xyz 	16.0133987915 

../Molecules//py_cyclohexane.xyz 	19.2019329879 

../Molecules/chain_dodecane_fit_aniso_no_charge.xyz 	39.6711003824 

../Molecules/chain_ethane_fit_aniso_no_charge.xyz 	7.37099876983 

../Molecules/chain_hexane_fit_aniso_no_charge.xyz 	20.251987191 

../Molecules/chain_methane_fit_aniso_no_charge.xyz 	4.1575712685 

../Molecules/chain_propane_fit_aniso_no_charge.xyz 	10.5760537969 

../Molecules/BENZENE_picen_fit_aniso_no_charge.xyz 	16.9343622778 

../Molecules/py_Benzene_MOPAC.xyz 	16.9038347105 

../Molecules/py_cyclopropane.xyz 	103.103657102 

../Molecules/py_cyclopentane.xyz 	79.7375587764 

../Molecules//py_cyclohexane.xyz 	105.452775607 

../Molecules/chain_dodecane_fit_aniso_no_charge.xyz 	1216.3499692 

../Molecules/chain_ethane_fit_aniso_no_charge.xyz 	53.5537111292 

../Molecules/chain_hexane_fit_aniso_no_charge.xyz 	293.807086628 

../Molecules/chain_methane_fit_aniso_no_charge.xyz 	24.979258645 

../Molecules/chain_propane_fit_aniso_no_charge.xyz 	98.0641652971 

../Molecules/BENZENE_picen_fit_aniso_no_charge.xyz 	134.431945944 

../Molecules/py_Benzene_MOPAC.xyz 	127.36240853 

../Molecules/py_cyclopropane.xyz 	103.103657102 

../Molecules/py_cyclopentane.xyz 	79.7375587764 

../Molecules//py_cyclohexane.xyz 	105.452775607 

../Molecules/chain_dodecane_fit_aniso_no_charge.xyz 	1216.3499692 

../Molecules/chain_ethane_fit_aniso_no_charge.xyz 	53.5537111292 

../Molecules/chain_hexane_fit_aniso_no_charge.xyz 	293.807086628 

../Molecules/chain_methane_fit_aniso_no_charge.xyz 	24.979258645 

../Molecules/chain_propane_fit_aniso_no_charge.xyz 	98.0641652971 

../Molecules/BENZENE_picen_fit_aniso_no_charge.xyz 	134.431945944 

../Molecules/py_Benzene_MOPAC.xyz 	127.36240853 

../Molecules/py_cyclopropane.xyz 	30.572680433 

../Molecules/py_cyclopentane.xyz 	47.7796691331 

../Molecules//py_cyclohexane.xyz 	57.7572963158 

../Molecules/chain_dodecane_fit_aniso_no_charge.xyz 	136.222669077 

../Molecules/chain_ethane_fit_aniso_no_charge.xyz 	22.2330633143 

../Molecules/chain_hexane_fit_aniso_no_charge.xyz 	65.4668742905 

../Molecules/chain_methane_fit_aniso_no_charge.xyz 	12.0922244094 

../Molecules/chain_propane_fit_aniso_no_charge.xyz 	32.3280067459 

../Molecules/BENZENE_picen_fit_aniso_no_charge.xyz 	54.1328571488 

../Molecules/py_Benzene_MOPAC.xyz 	54.0318433429 

../Molecules/py_cyclopropane.xyz 	30.572680433 

../Molecules/py_cyclopentane.xyz 	47.7796691331 

../Molecules//py_cyclohexane.xyz 	57.7572963158 

../Molecules/chain_dodecane_fit_aniso_no_charge.xyz 	136.222669077 

../Molecules/chain_ethane_fit_aniso_no_charge.xyz 	22.2330633143 

../Molecules/chain_hexane_fit_aniso_no_charge.xyz 	65.4668742905 

../Molecules/chain_methane_fit_aniso_no_charge.xyz 	12.0922244094 

../Molecules/chain_propane_fit_aniso_no_charge.xyz 	32.3280067459 

../Molecules/BENZENE_picen_fit_aniso_no_charge.xyz 	54.1328571488 

../Molecules/py_Benzene_MOPAC.xyz 	54.0318433429 

../Molecules/py_cyclopropane.xyz 	30.1935312286 

../Molecules/py_cyclopentane.xyz 	46.8067377081 

../Molecules//py_cyclohexane.xyz 	58.02004552 

../Molecules/chain_dodecane_fit_aniso_no_charge.xyz 	170.536847078 

../Molecules/chain_ethane_fit_aniso_no_charge.xyz 	20.6964919701 

../Molecules/chain_hexane_fit_aniso_no_charge.xyz 	72.5890918995 

../Molecules/chain_methane_fit_aniso_no_charge.xyz 	10.1572920219 

../Molecules/chain_propane_fit_aniso_no_charge.xyz 	31.7840759821 

../Molecules/BENZENE_picen_fit_aniso_no_charge.xyz 	56.5539250332 

../Molecules/py_Benzene_MOPAC.xyz 	56.4934918699 

../Molecules/py_cyclopropane.xyz 	30.1935312286 

../Molecules/py_cyclopentane.xyz 	46.8067377081 

../Molecules//py_cyclohexane.xyz 	58.02004552 

../Molecules/chain_dodecane_fit_aniso_no_charge.xyz 	170.536847078 

../Molecules/chain_ethane_fit_aniso_no_charge.xyz 	20.6964919701 

../Molecules/chain_hexane_fit_aniso_no_charge.xyz 	72.5890918995 

../Molecules/chain_methane_fit_aniso_no_charge.xyz 	10.1572920219 

../Molecules/chain_propane_fit_aniso_no_charge.xyz 	31.7840759821 

../Molecules/BENZENE_picen_fit_aniso_no_charge.xyz 	56.5539250332 

../Molecules/py_Benzene_MOPAC.xyz 	56.4934918699 

../Molecules/py_methane_MOPAC.xyz 	9.5642756334 

../Molecules/py_cyclopropane.xyz 	30.1935312286 

../Molecules/py_cyclopentane.xyz 	46.8067377081 

../Molecules//py_cyclohexane.xyz 	58.02004552 

../Molecules/chain_dodecane_fit_aniso_no_charge.xyz 	170.536847078 

../Molecules/chain_ethane_fit_aniso_no_charge.xyz 	20.6964919701 

../Molecules/chain_hexane_fit_aniso_no_charge.xyz 	72.5890918995 

../Molecules/chain_methane_fit_aniso_no_charge.xyz 	10.1572920219 

../Molecules/chain_propane_fit_aniso_no_charge.xyz 	31.7840759821 

../Molecules/BENZENE_picen_fit_aniso_no_charge.xyz 	56.5539250332 

../Molecules/py_Benzene_MOPAC.xyz 	56.4934918699 

../Molecules/py_methane_MOPAC.xyz 	9.5924090017 

../Molecules/py_cyclopropane.xyz 	30.1935312286 

../Molecules/py_cyclopentane.xyz 	46.8067377081 

../Molecules//py_cyclohexane.xyz 	58.02004552 

../Molecules/chain_dodecane_fit_aniso_no_charge.xyz 	170.536847078 

../Molecules/chain_ethane_fit_aniso_no_charge.xyz 	20.6964919701 

../Molecules/chain_hexane_fit_aniso_no_charge.xyz 	72.5890918995 

../Molecules/chain_methane_fit_aniso_no_charge.xyz 	10.1572920219 

../Molecules/chain_propane_fit_aniso_no_charge.xyz 	31.7840759821 

../Molecules/BENZENE_picen_fit_aniso_no_charge.xyz 	56.5539250332 

../Molecules/py_Benzene_MOPAC.xyz 	56.4934918699 

../Molecules/py_methane_MOPAC.xyz 	9.5924090017 

../Molecules/py_cyclopropane.xyz 	30.1935312286 

../Molecules/py_cyclopentane.xyz 	46.8067377081 

../Molecules//py_cyclohexane.xyz 	58.02004552 

../Molecules/chain_dodecane_fit_aniso_no_charge.xyz 	170.536847078 

../Molecules/chain_ethane_fit_aniso_no_charge.xyz 	20.6964919701 

../Molecules/chain_hexane_fit_aniso_no_charge.xyz 	72.5890918995 

../Molecules/chain_methane_fit_aniso_no_charge.xyz 	10.1572920219 

../Molecules/chain_propane_fit_aniso_no_charge.xyz 	31.7840759821 

../Molecules/BENZENE_picen_fit_aniso_no_charge.xyz 	56.5539250332 

../Molecules/py_Benzene_MOPAC.xyz 	56.4934918699 

../Molecules/py_methane_MOPAC.xyz 	9.5924090017 

../Molecules/py_cyclopropane.xyz 	30.1935312286 

../Molecules/py_cyclopentane.xyz 	46.8067377081 

../Molecules//py_cyclohexane.xyz 	58.02004552 

../Molecules/chain_dodecane_fit_aniso_no_charge.xyz 	170.536847078 

../Molecules/chain_ethane_fit_aniso_no_charge.xyz 	20.6964919701 

../Molecules/chain_hexane_fit_aniso_no_charge.xyz 	72.5890918995 

../Molecules/chain_methane_fit_aniso_no_charge.xyz 	10.1572920219 

../Molecules/chain_propane_fit_aniso_no_charge.xyz 	31.7840759821 

../Molecules/BENZENE_picen_fit_aniso_no_charge.xyz 	56.5539250332 

../Molecules/py_Benzene_MOPAC.xyz 	56.4934918699 

../Molecules/py_methane_MOPAC.xyz 	10.1966269224 

../Molecules/py_cyclopropane.xyz 	-108.980096316 

../Molecules/py_cyclopentane.xyz 	350.914213666 

../Molecules//py_cyclohexane.xyz 	58.5611187689 

../Molecules/chain_dodecane_fit_aniso_no_charge.xyz 	120.207509095 

../Molecules/chain_ethane_fit_aniso_no_charge.xyz 	22.8645883373 

../Molecules/chain_hexane_fit_aniso_no_charge.xyz 	81.8234854688 

../Molecules/chain_methane_fit_aniso_no_charge.xyz 	56.6078239378 

../Molecules/chain_propane_fit_aniso_no_charge.xyz 	52.691442848 

../Molecules/BENZENE_picen_fit_aniso_no_charge.xyz 	263.153998175 

../Molecules/py_Benzene_MOPAC.xyz 	250.672297123 

../Molecules/py_methane_MOPAC.xyz 	25.0813034952 

../Molecules/py_cyclopropane.xyz 	-108.980096316 

../Molecules/py_cyclopentane.xyz 	350.914213666 

../Molecules//py_cyclohexane.xyz 	58.5611187689 

../Molecules/chain_dodecane_fit_aniso_no_charge.xyz 	120.207509095 

../Molecules/chain_ethane_fit_aniso_no_charge.xyz 	22.8645883373 

../Molecules/chain_hexane_fit_aniso_no_charge.xyz 	81.8234854688 

../Molecules/chain_methane_fit_aniso_no_charge.xyz 	56.6078239378 

../Molecules/chain_propane_fit_aniso_no_charge.xyz 	52.691442848 

../Molecules/BENZENE_picen_fit_aniso_no_charge.xyz 	263.153998175 

../Molecules/py_Benzene_MOPAC.xyz 	250.672297123 

../Molecules/py_methane_MOPAC.xyz 	25.0813034952 

../Molecules/py_cyclopropane.xyz 	-108.980096316 

../Molecules/py_cyclopentane.xyz 	350.914213666 

../Molecules//py_cyclohexane.xyz 	58.5611187689 

../Molecules/chain_dodecane_fit_aniso_no_charge.xyz 	120.207509095 

../Molecules/chain_ethane_fit_aniso_no_charge.xyz 	22.8645883373 

../Molecules/chain_hexane_fit_aniso_no_charge.xyz 	81.8234854688 

../Molecules/chain_methane_fit_aniso_no_charge.xyz 	56.6078239378 

../Molecules/chain_propane_fit_aniso_no_charge.xyz 	52.691442848 

../Molecules/BENZENE_picen_fit_aniso_no_charge.xyz 	263.153998175 

../Molecules/py_Benzene_MOPAC.xyz 	250.672297123 

../Molecules/py_methane_MOPAC.xyz 	25.0813034952 

../Molecules/py_cyclopropane.xyz 	36.9735833365 

../Molecules/py_cyclopentane.xyz 	62.2817870449 

../Molecules//py_cyclohexane.xyz 	74.615112965 

../Molecules/chain_dodecane_fit_aniso_no_charge.xyz 	167.918766578 

../Molecules/chain_ethane_fit_aniso_no_charge.xyz 	30.2608757469 

../Molecules/chain_hexane_fit_aniso_no_charge.xyz 	83.1635405346 

../Molecules/chain_methane_fit_aniso_no_charge.xyz 	17.5540675081 

../Molecules/chain_propane_fit_aniso_no_charge.xyz 	42.9375417376 

../Molecules/BENZENE_picen_fit_aniso_no_charge.xyz 	61.2014700654 

../Molecules/py_Benzene_MOPAC.xyz 	61.2925063687 

../Molecules/py_methane_MOPAC.xyz 	26.1577930807 

../Molecules/py_cyclopropane.xyz 	29.5071569972 

../Molecules/py_cyclopentane.xyz 	48.2867695638 

../Molecules//py_cyclohexane.xyz 	57.2730479756 

../Molecules/chain_dodecane_fit_aniso_no_charge.xyz 	137.047781351 

../Molecules/chain_ethane_fit_aniso_no_charge.xyz 	23.2498680804 

../Molecules/chain_hexane_fit_aniso_no_charge.xyz 	66.3747964831 

../Molecules/chain_methane_fit_aniso_no_charge.xyz 	13.8220188362 

../Molecules/chain_propane_fit_aniso_no_charge.xyz 	33.2543254362 

../Molecules/BENZENE_picen_fit_aniso_no_charge.xyz 	47.0138148375 

../Molecules/py_Benzene_MOPAC.xyz 	47.3952860432 

../Molecules/py_methane_MOPAC.xyz 	10.31283187 

../Molecules/py_cyclopropane.xyz 	36.9735833365 

../Molecules/py_cyclopentane.xyz 	62.2817870449 

../Molecules//py_cyclohexane.xyz 	74.615112965 

../Molecules/chain_dodecane_fit_aniso_no_charge.xyz 	167.918766578 

../Molecules/chain_ethane_fit_aniso_no_charge.xyz 	30.2608757469 

../Molecules/chain_hexane_fit_aniso_no_charge.xyz 	83.1635405346 

../Molecules/chain_methane_fit_aniso_no_charge.xyz 	17.5540675081 

../Molecules/chain_propane_fit_aniso_no_charge.xyz 	42.9375417376 

../Molecules/BENZENE_picen_fit_aniso_no_charge.xyz 	61.2014700654 

../Molecules/py_Benzene_MOPAC.xyz 	61.2925063687 

../Molecules/py_methane_MOPAC.xyz 	26.1577930807 

../Molecules/py_cyclopropane.xyz 	36.9735833365 

../Molecules/py_cyclopentane.xyz 	62.2817870449 

../Molecules//py_cyclohexane.xyz 	74.615112965 

../Molecules/chain_dodecane_fit_aniso_no_charge.xyz 	167.918766578 

../Molecules/chain_ethane_fit_aniso_no_charge.xyz 	30.2608757469 

../Molecules/chain_hexane_fit_aniso_no_charge.xyz 	83.1635405346 

../Molecules/chain_methane_fit_aniso_no_charge.xyz 	17.5540675081 

../Molecules/chain_propane_fit_aniso_no_charge.xyz 	42.9375417376 

../Molecules/BENZENE_picen_fit_aniso_no_charge.xyz 	61.2014700654 

../Molecules/py_Benzene_MOPAC.xyz 	61.2925063687 

../Molecules/py_methane_MOPAC.xyz 	15.3919111337 

../Molecules/py_cyclopropane.xyz 	29.5071569972 

../Molecules/py_cyclopentane.xyz 	48.2867695638 

../Molecules//py_cyclohexane.xyz 	57.2730479756 

../Molecules/chain_dodecane_fit_aniso_no_charge.xyz 	137.047781351 

../Molecules/chain_ethane_fit_aniso_no_charge.xyz 	23.2498680804 

../Molecules/chain_hexane_fit_aniso_no_charge.xyz 	66.3747964831 

../Molecules/chain_methane_fit_aniso_no_charge.xyz 	13.8220188362 

../Molecules/chain_propane_fit_aniso_no_charge.xyz 	33.2543254362 

../Molecules/BENZENE_picen_fit_aniso_no_charge.xyz 	47.0138148375 

../Molecules/py_Benzene_MOPAC.xyz 	47.3952860432 

../Molecules/py_methane_MOPAC.xyz 	12.3483698745 

../Molecules/py_cyclopropane.xyz 	36.9735833365 

../Molecules/py_cyclopentane.xyz 	62.2817870449 

../Molecules//py_cyclohexane.xyz 	74.615112965 

../Molecules/chain_dodecane_fit_aniso_no_charge.xyz 	167.918766578 

../Molecules/chain_ethane_fit_aniso_no_charge.xyz 	30.2608757469 

../Molecules/chain_hexane_fit_aniso_no_charge.xyz 	83.1635405346 

../Molecules/chain_methane_fit_aniso_no_charge.xyz 	17.5540675081 

../Molecules/chain_propane_fit_aniso_no_charge.xyz 	42.9375417376 

../Molecules/BENZENE_picen_fit_aniso_no_charge.xyz 	61.2014700654 

../Molecules/py_Benzene_MOPAC.xyz 	61.2925063687 

../Molecules/py_methane_MOPAC.xyz 	15.3919111337 

../Molecules/py_cyclopropane.xyz 	36.9735833365 

../Molecules/py_cyclopentane.xyz 	62.2817870449 

../Molecules//py_cyclohexane.xyz 	74.615112965 

../Molecules/chain_dodecane_fit_aniso_no_charge.xyz 	167.918766578 

../Molecules/chain_ethane_fit_aniso_no_charge.xyz 	30.2608757469 

../Molecules/chain_hexane_fit_aniso_no_charge.xyz 	83.1635405346 

../Molecules/chain_methane_fit_aniso_no_charge.xyz 	17.5540675081 

../Molecules/chain_propane_fit_aniso_no_charge.xyz 	42.9375417376 

../Molecules/BENZENE_picen_fit_aniso_no_charge.xyz 	61.2014700654 

../Molecules/py_Benzene_MOPAC.xyz 	61.2925063687 

../Molecules/py_methane_MOPAC.xyz 	22.2333631827 

../Molecules/py_Water_SWART.xyz 	20.6089140562 

../Molecules/py_CO_SWART.xyz 	14.7641820452 

../Molecules/py_Water_SWART.xyz 	20.6089140562 

../Molecules/py_CO_SWART.xyz 	14.7641820452 

../Molecules/py_Water_SWART.xyz 	20.6089140562 

../Molecules/py_CO_SWART.xyz 	36.0268135582 

../Molecules/py_Water_SWART.xyz 	20.6089140562 

../Molecules/py_CO_SWART.xyz 	36.0268135582 

../Molecules/py_Water_SWART.xyz 	20.6089140562 

../Molecules/py_CO_SWART.xyz 	36.0268135582 

../Molecules/py_Water_SWART.xyz 	20.6089140562 

../Molecules/py_CO_SWART.xyz 	36.0268135582 

../Molecules/py_Water_SWART.xyz 	20.6089140562 

../Molecules/py_CO_SWART.xyz 	36.0268135582 

../Molecules/py_Water_SWART.xyz 	20.6089140562 

../Molecules/py_CO_SWART.xyz 	36.0268135582 

../Molecules/py_Water_SWART.xyz 	20.6089140562 

../Molecules/py_CO_SWART.xyz 	36.0268135582 

../Molecules/py_Water_SWART.xyz 	20.6089140562 

../Molecules/py_CO_SWART.xyz 	36.0268135582 

../Molecules/py_Water_SWART.xyz 	20.6089140562 

../Molecules/py_CO_SWART.xyz 	36.0268135582 

../Molecules/py_Water_SWART.xyz 	20.6089140562 

../Molecules/py_CO_SWART.xyz 	36.0268135582 

../Molecules/py_Water_SWART.xyz 	10.3648658172 

../Molecules/py_CO_SWART.xyz 	13.8902822905 

../Molecules/py_cyclopropane.xyz 	36.9735833365 

../Molecules/py_cyclopentane.xyz 	62.2817870449 

../Molecules//py_cyclohexane.xyz 	74.615112965 

../Molecules/chain_dodecane_fit_aniso_no_charge.xyz 	167.918766578 

../Molecules/chain_ethane_fit_aniso_no_charge.xyz 	30.2608757469 

../Molecules/chain_hexane_fit_aniso_no_charge.xyz 	83.1635405346 

../Molecules/chain_methane_fit_aniso_no_charge.xyz 	17.5540675081 

../Molecules/chain_propane_fit_aniso_no_charge.xyz 	42.9375417376 

../Molecules/BENZENE_picen_fit_aniso_no_charge.xyz 	61.2014700654 

../Molecules/py_Benzene_MOPAC.xyz 	61.2925063687 

../Molecules/py_methane_MOPAC.xyz 	22.2333631827 

../Molecules/py_cyclopropane.xyz 	-16.7856809199 

../Molecules/py_cyclopentane.xyz 	190.018921223 

../Molecules//py_cyclohexane.xyz 	129.542902131 

../Molecules/chain_dodecane_fit_aniso_no_charge.xyz 	-228.739798516 

../Molecules/chain_ethane_fit_aniso_no_charge.xyz 	40.1681283565 

../Molecules/chain_hexane_fit_aniso_no_charge.xyz 	183.341975828 

../Molecules/chain_methane_fit_aniso_no_charge.xyz 	3605.42056433 

../Molecules/chain_propane_fit_aniso_no_charge.xyz 	88.1291821882 

../Molecules/BENZENE_picen_fit_aniso_no_charge.xyz 	820.160678795 

../Molecules/py_Benzene_MOPAC.xyz 	627.508941113 

../Molecules/py_methane_MOPAC.xyz 	17.7053124742 

../Molecules/py_Water_SWART.xyz 	10.3648658172 

../Molecules/py_CO_SWART.xyz 	13.8902822905 

../Molecules/py_Water_SWART.xyz 	10.3648658172 

../Molecules/py_CO_SWART.xyz 	13.8902822905 

../Molecules/py_Water_SWART.xyz 	10.3648658172 

../Molecules/py_CO_SWART.xyz 	13.8902822905 

../Molecules/py_Water_SWART.xyz 	10.3648658172 

../Molecules/py_CO_SWART.xyz 	13.8902822905 

../Molecules/py_Water_SWART.xyz 	10.3648658172 

../Molecules/py_CO_SWART.xyz 	13.8902822905 

../Molecules/py_Water_SWART.xyz 	10.0611641428 

../Molecules/py_CO_SWART.xyz 	13.1832565346 

../Molecules/py_Water_SWART.xyz 	10.0611641428 

../Molecules/py_CO_SWART.xyz 	13.1832565346 

../Molecules/py_Water_SWART.xyz 	10.0611641428 

../Molecules/py_CO_SWART.xyz 	13.1832565346 

../Molecules/py_Water_SWART.xyz 	10.0611641428 

../Molecules/py_CO_SWART.xyz 	13.1832565346 

../Molecules/py_Water_SWART.xyz 	10.0611641428 

../Molecules/py_CO_SWART.xyz 	13.1832565346 

../Molecules/py_Water_SWART.xyz 	10.0611641428 

../Molecules/py_CO_SWART.xyz 	13.1832565346 

